source_kind,case,family,category,variant,domain_size,source_sha256,algorithm,baseline_status,current_status,baseline_solver_time_s,current_solver_time_s,current_over_baseline,baseline_peak_rss_mib,current_peak_rss_mib,same_result,baseline_error,current_error
catalog,c2/3-coloured-3-regular/n8,c2/3-coloured-3-regular,c2,default,8,a6bab89a922db3853169f97bf748f6d1761b7d4b360b21955c8cf7c508032fed,fastv2,ok,ok,0.580570749938488,0.49735804204829037,0.8566708572572523,63.375,63.390625,True,,
catalog,c2/3-coloured-3-regular/n8,c2/3-coloured-3-regular,c2,default,8,a6bab89a922db3853169f97bf748f6d1761b7d4b360b21955c8cf7c508032fed,incremental3,ok,ok,0.07733891601674259,0.09906291589140892,1.2808935138160387,46.09375,45.96875,True,,
catalog,c2/3-coloured-3-regular/n10,c2/3-coloured-3-regular,c2,default,10,d904fbee3c19f59ed70ce960f6b8fdaa76eebfd7eb1684628882a07031d500ed,fastv2,ok,ok,1.1140122499782592,1.0703502078540623,0.9608064973028357,62.59375,63.375,True,,
catalog,c2/3-coloured-3-regular/n10,c2/3-coloured-3-regular,c2,default,10,d904fbee3c19f59ed70ce960f6b8fdaa76eebfd7eb1684628882a07031d500ed,incremental3,ok,ok,0.08725116588175297,0.11210274999029934,1.2848281035261633,46.734375,46.921875,True,,
catalog,c2/3-coloured-3-regular/n12,c2/3-coloured-3-regular,c2,default,12,bd3aa9dc4acaa317307a10085c61a3dcf3dc5f7281cb9a4d1995448265e21446,fastv2,ok,ok,3.136118666967377,2.754595333011821,0.8783453770502604,62.46875,62.578125,True,,
catalog,c2/3-coloured-3-regular/n12,c2/3-coloured-3-regular,c2,default,12,bd3aa9dc4acaa317307a10085c61a3dcf3dc5f7281cb9a4d1995448265e21446,incremental3,ok,ok,0.1867341659963131,0.17361587495543063,0.9297488439199634,48.703125,47.640625,True,,
catalog,c2/3-coloured-3-regular/n14,c2/3-coloured-3-regular,c2,default,14,ae0999bb413100ab6a75dfd64ca363ef6a2795af912a14829486c061cd418d55,fastv2,ok,ok,6.816038666060194,6.944621875183657,1.018864800424876,62.703125,63.296875,True,,
catalog,c2/3-coloured-3-regular/n14,c2/3-coloured-3-regular,c2,default,14,ae0999bb413100ab6a75dfd64ca363ef6a2795af912a14829486c061cd418d55,incremental3,ok,ok,0.4287188749294728,0.48947179201059043,1.1417080530711692,52.53125,53.6875,True,,
catalog,c2/3-coloured-3-regular/n16,c2/3-coloured-3-regular,c2,default,16,0cf05fe19a56c236d4dc0e40a5f95d6280066f307715d0af9da60cf302591d96,fastv2,ok,ok,15.804828041000292,15.6217230418697,0.9884146161757922,68.28125,62.6875,True,,
catalog,c2/3-coloured-3-regular/n16,c2/3-coloured-3-regular,c2,default,16,0cf05fe19a56c236d4dc0e40a5f95d6280066f307715d0af9da60cf302591d96,incremental3,ok,ok,0.9915070829447359,1.007766791852191,1.0163989841193717,65.359375,66.296875,True,,
catalog,c2/3-regular/n10,c2/3-regular,c2,default,10,44ddf76deb6f6dc8cb867930f0d66a80c6506fc64caee9bba8170d6797c9d9f3,fastv2,ok,ok,0.1170697920024395,0.12003179197199643,1.0253011465971957,52.546875,52.5625,True,,
catalog,c2/3-regular/n10,c2/3-regular,c2,default,10,44ddf76deb6f6dc8cb867930f0d66a80c6506fc64caee9bba8170d6797c9d9f3,incremental3,ok,ok,0.03584866691380739,0.043704249896109104,1.219131802060848,44.78125,42.78125,True,,
catalog,c2/3-regular/n15,c2/3-regular,c2,default,15,d5871258c3d35d4306cebb46f8fae98a3f9eded32d3615d6c4455ea5255a2f55,fastv2,ok,ok,0.10797191597521305,0.11750425002537668,1.0882853097869631,51.921875,52.90625,True,,
catalog,c2/3-regular/n15,c2/3-regular,c2,default,15,d5871258c3d35d4306cebb46f8fae98a3f9eded32d3615d6c4455ea5255a2f55,incremental3,ok,ok,0.0369144999422133,0.041346958139911294,1.120073635147074,44.875,43.796875,True,,
catalog,c2/3-regular/n20,c2/3-regular,c2,default,20,38666a68f01fe6da074c51d4bf7dc26f72630077e9988ed711d8d5b38e202c46,fastv2,ok,ok,0.2457835408858955,0.23225462506525218,0.9449559731628894,52.53125,52.625,True,,
catalog,c2/3-regular/n20,c2/3-regular,c2,default,20,38666a68f01fe6da074c51d4bf7dc26f72630077e9988ed711d8d5b38e202c46,incremental3,ok,ok,0.043425832875072956,0.048514666967093945,1.117184490316179,43.21875,43.59375,True,,
catalog,c2/3-regular/n25,c2/3-regular,c2,default,25,c9f5ad6904c812f30e187f2c06b64da5e146f9429fa874fad030dce723c97d82,fastv2,ok,ok,0.516111999982968,0.48946158308535814,0.9483631132419139,53.109375,53.328125,True,,
catalog,c2/3-regular/n25,c2/3-regular,c2,default,25,c9f5ad6904c812f30e187f2c06b64da5e146f9429fa874fad030dce723c97d82,incremental3,ok,ok,0.0452889169100672,0.05806558299809694,1.2821146311226894,43.421875,45.578125,True,,
catalog,c2/3-regular/n30,c2/3-regular,c2,default,30,a1614a48f89e1fec62b9680ed9b2068508d6963d817ff2fd6ec47e0bfadcd8f9,fastv2,ok,ok,1.0910965830553323,1.029281249968335,0.9433456817233361,53.453125,53.921875,True,,
catalog,c2/3-regular/n30,c2/3-regular,c2,default,30,a1614a48f89e1fec62b9680ed9b2068508d6963d817ff2fd6ec47e0bfadcd8f9,incremental3,ok,ok,0.05290133296512067,0.059781541815027595,1.1300573816248305,45.109375,45.71875,True,,
catalog,c2/3-regular/n40,c2/3-regular,c2,default,40,8c571d65304780073d446ef4be1ca852630828f23c5cde26d00a4fcebf38647d,fastv2,ok,ok,4.034748167032376,4.084790291963145,1.0124027876980426,54.140625,54.875,True,,
catalog,c2/3-regular/n40,c2/3-regular,c2,default,40,8c571d65304780073d446ef4be1ca852630828f23c5cde26d00a4fcebf38647d,incremental3,ok,ok,0.08571412484161556,0.21447695815004408,2.502235874733124,45.984375,47.828125,True,,
catalog,c2/3-regular/n50,c2/3-regular,c2,default,50,13f45568a139664add38c1d4c99958179e82c2e0e142c131c13661575cf6d8ab,fastv2,ok,ok,13.207556792069227,12.675489416113123,0.9597149280269918,55.765625,55.921875,True,,
catalog,c2/3-regular/n50,c2/3-regular,c2,default,50,13f45568a139664add38c1d4c99958179e82c2e0e142c131c13661575cf6d8ab,incremental3,ok,ok,0.171186082996428,0.17645174986682832,1.030759900444186,47.625,47.875,True,,
catalog,c2/3-regular/n60,c2/3-regular,c2,default,60,bac0d46467c081a3b5ab1d3b27ec3902efe103f6ebc48c10840d6c61bf332772,fastv2,timeout,timeout,,,,58.078125,57.6875,,exceeded 30.0s wall time,exceeded 30.0s wall time
catalog,c2/3-regular/n60,c2/3-regular,c2,default,60,bac0d46467c081a3b5ab1d3b27ec3902efe103f6ebc48c10840d6c61bf332772,incremental3,ok,ok,0.24427829217165709,0.27185112494044006,1.1128746747148832,48.84375,48.75,True,,
catalog,c2/3-regular/n70,c2/3-regular,c2,default,70,4e7dcdd0e7eb47f3db27cdb3c961390e18d4d418dfb990a56799538b3ec2c74c,fastv2,skipped-after-resource,skipped-after-resource,,,,,,,a smaller domain in this series hit a resource limit,a smaller domain in this series hit a resource limit
catalog,c2/3-regular/n70,c2/3-regular,c2,default,70,4e7dcdd0e7eb47f3db27cdb3c961390e18d4d418dfb990a56799538b3ec2c74c,incremental3,skipped-after-resource,skipped-after-resource,,,,,,,a smaller domain in this series hit a resource limit,a smaller domain in this series hit a resource limit
catalog,c2/3-regular/n80,c2/3-regular,c2,default,80,fa5cc1d81415749bb3af12274a542d4e7af97a001909b1096a981cc93759c9bb,fastv2,skipped-after-resource,skipped-after-resource,,,,,,,a smaller domain in this series hit a resource limit,a smaller domain in this series hit a resource limit
catalog,c2/3-regular/n80,c2/3-regular,c2,default,80,fa5cc1d81415749bb3af12274a542d4e7af97a001909b1096a981cc93759c9bb,incremental3,skipped-after-resource,skipped-after-resource,,,,,,,a smaller domain in this series hit a resource limit,a smaller domain in this series hit a resource limit
catalog,c2/3-regular/n90,c2/3-regular,c2,default,90,29b0edba69715d9fd66e51721ec526f447d038dc431cc02a59730fc21e4cba5b,fastv2,skipped-after-resource,skipped-after-resource,,,,,,,a smaller domain in this series hit a resource limit,a smaller domain in this series hit a resource limit
catalog,c2/3-regular/n90,c2/3-regular,c2,default,90,29b0edba69715d9fd66e51721ec526f447d038dc431cc02a59730fc21e4cba5b,incremental3,skipped-after-resource,skipped-after-resource,,,,,,,a smaller domain in this series hit a resource limit,a smaller domain in this series hit a resource limit
catalog,c2/3-regular/n100,c2/3-regular,c2,default,100,c81e61339df0884eea10169a30771572c27bf1a88225a62fd35704675ab0e0e7,fastv2,skipped-after-resource,skipped-after-resource,,,,,,,a smaller domain in this series hit a resource limit,a smaller domain in this series hit a resource limit
catalog,c2/3-regular/n100,c2/3-regular,c2,default,100,c81e61339df0884eea10169a30771572c27bf1a88225a62fd35704675ab0e0e7,incremental3,skipped-after-resource,skipped-after-resource,,,,,,,a smaller domain in this series hit a resource limit,a smaller domain in this series hit a resource limit
catalog,c2/3-regular-hand/n10,c2/3-regular-hand,c2,default,10,b9b447b8a12aff88d57ae03cae50b2b12058f4ef941bd767675b97d4a0ff7a34,fastv2,ok,ok,0.12064783391542733,0.12640370801091194,1.0477080599683157,52.46875,52.78125,True,,
catalog,c2/3-regular-hand/n10,c2/3-regular-hand,c2,default,10,b9b447b8a12aff88d57ae03cae50b2b12058f4ef941bd767675b97d4a0ff7a34,incremental3,ok,ok,0.06510929204523563,0.06981525011360645,1.0722778257994463,46.546875,46.390625,True,,
catalog,c2/3-regular-hand/n20,c2/3-regular-hand,c2,default,20,b68e457e8df519186715a7baf59ff573437ff99cb5432f5dfd75bcaeeefc530f,fastv2,ok,ok,0.23022204195149243,0.2355611661914736,1.0231911948774484,52.84375,52.84375,True,,
catalog,c2/3-regular-hand/n20,c2/3-regular-hand,c2,default,20,b68e457e8df519186715a7baf59ff573437ff99cb5432f5dfd75bcaeeefc530f,incremental3,ok,ok,0.4297802080400288,0.450944707961753,1.049244938519256,62.5625,63.328125,True,,
catalog,c2/3-regular-hand/n30,c2/3-regular-hand,c2,default,30,c291f70f949f6c5b18072229aba934806ca9d5552227e1e67bbec685d05d7cde,fastv2,ok,ok,1.0241285001393408,1.030271042138338,1.0059978235135156,53.71875,53.734375,True,,
catalog,c2/3-regular-hand/n30,c2/3-regular-hand,c2,default,30,c291f70f949f6c5b18072229aba934806ca9d5552227e1e67bbec685d05d7cde,incremental3,ok,ok,3.3211629160214216,2.985089249908924,0.8988084371015752,210.4375,211.984375,True,,
catalog,c2/3-regular-hand/n40,c2/3-regular-hand,c2,default,40,b2a138247dad2eb6aa18a96951ac8e7eaac0452027bd4f250729ca5bf97c7af1,fastv2,ok,ok,4.643426374997944,4.196438833139837,0.9037375623602292,54.5,54.75,True,,
catalog,c2/3-regular-hand/n40,c2/3-regular-hand,c2,default,40,b2a138247dad2eb6aa18a96951ac8e7eaac0452027bd4f250729ca5bf97c7af1,incremental3,ok,ok,12.61251041595824,12.80682154209353,1.0154062212618222,720.359375,719.390625,True,,
catalog,c2/3-regular-hand/n50,c2/3-regular-hand,c2,default,50,1969048a1ad4a5ac104f26c52983f4803647a20d8bfe5ea8238f75ccaf1cedcd,fastv2,ok,ok,12.444048125064,11.734356833156198,0.9429694192134802,55.953125,56.03125,True,,
catalog,c2/3-regular-hand/n50,c2/3-regular-hand,c2,default,50,1969048a1ad4a5ac104f26c52983f4803647a20d8bfe5ea8238f75ccaf1cedcd,incremental3,timeout,timeout,,,,554.28125,569.453125,,exceeded 30.0s wall time,exceeded 30.0s wall time
catalog,c2/3-regular-hand/n60,c2/3-regular-hand,c2,default,60,d0a43372a4aaa4b4e9859a48ae44cac237935c3d4c405c71c8af6f0fd66bf33d,fastv2,skipped-after-resource,skipped-after-resource,,,,,,,a smaller domain in this series hit a resource limit,a smaller domain in this series hit a resource limit
catalog,c2/3-regular-hand/n60,c2/3-regular-hand,c2,default,60,d0a43372a4aaa4b4e9859a48ae44cac237935c3d4c405c71c8af6f0fd66bf33d,incremental3,skipped-after-resource,skipped-after-resource,,,,,,,a smaller domain in this series hit a resource limit,a smaller domain in this series hit a resource limit
catalog,c2/3-regular-hand/n70,c2/3-regular-hand,c2,default,70,aeffb81e9e24925c90ad8ad19a8501445bf7c682b3c9d49b1bbe0b77e2033056,fastv2,skipped-after-resource,skipped-after-resource,,,,,,,a smaller domain in this series hit a resource limit,a smaller domain in this series hit a resource limit
catalog,c2/3-regular-hand/n70,c2/3-regular-hand,c2,default,70,aeffb81e9e24925c90ad8ad19a8501445bf7c682b3c9d49b1bbe0b77e2033056,incremental3,skipped-after-resource,skipped-after-resource,,,,,,,a smaller domain in this series hit a resource limit,a smaller domain in this series hit a resource limit
catalog,c2/3-regular-hand/n80,c2/3-regular-hand,c2,default,80,5b56b6dffd0d0cc87d8daa2ced2251d8391b2cd103a7a8ce339585077c321524,fastv2,skipped-after-resource,skipped-after-resource,,,,,,,a smaller domain in this series hit a resource limit,a smaller domain in this series hit a resource limit
catalog,c2/3-regular-hand/n80,c2/3-regular-hand,c2,default,80,5b56b6dffd0d0cc87d8daa2ced2251d8391b2cd103a7a8ce339585077c321524,incremental3,skipped-after-resource,skipped-after-resource,,,,,,,a smaller domain in this series hit a resource limit,a smaller domain in this series hit a resource limit
catalog,c2/3-regular-hand/n90,c2/3-regular-hand,c2,default,90,b39c79836615037953ac8f01d0630f7b8b9196c8748530e0cc7a7c74c8c0b96f,fastv2,skipped-after-resource,skipped-after-resource,,,,,,,a smaller domain in this series hit a resource limit,a smaller domain in this series hit a resource limit
catalog,c2/3-regular-hand/n90,c2/3-regular-hand,c2,default,90,b39c79836615037953ac8f01d0630f7b8b9196c8748530e0cc7a7c74c8c0b96f,incremental3,skipped-after-resource,skipped-after-resource,,,,,,,a smaller domain in this series hit a resource limit,a smaller domain in this series hit a resource limit
catalog,c2/3-regular-hand/n100,c2/3-regular-hand,c2,default,100,93dfb9dea1c8faf10c2ee5d4488eb8d0e0c6e38a4efc638e3d0f253d68f7cae1,fastv2,skipped-after-resource,skipped-after-resource,,,,,,,a smaller domain in this series hit a resource limit,a smaller domain in this series hit a resource limit
catalog,c2/3-regular-hand/n100,c2/3-regular-hand,c2,default,100,93dfb9dea1c8faf10c2ee5d4488eb8d0e0c6e38a4efc638e3d0f253d68f7cae1,incremental3,skipped-after-resource,skipped-after-resource,,,,,,,a smaller domain in this series hit a resource limit,a smaller domain in this series hit a resource limit
catalog,c2/directed-3-in-3-out/n1,c2/directed-3-in-3-out,c2,default,1,0d3cb2d19f0f30eb993ce3731ffe3bca5aef2b400462a9252a58a06ad7edca9e,fastv2,ok,ok,0.17012170888483524,0.18903870903886855,1.1111968618116765,57.265625,57.265625,True,,
catalog,c2/directed-3-in-3-out/n1,c2/directed-3-in-3-out,c2,default,1,0d3cb2d19f0f30eb993ce3731ffe3bca5aef2b400462a9252a58a06ad7edca9e,incremental3,ok,ok,0.05369645799510181,0.05872275005094707,1.0936056537714975,45.109375,45.15625,True,,
catalog,c2/directed-3-in-3-out/n2,c2/directed-3-in-3-out,c2,default,2,baf0c3c3909446b5ddb101a9e1cef05b2b7d0119898889d0475bf7ee679805d0,fastv2,ok,ok,0.10770299984142184,0.11197958304546773,1.0397071874538553,53.515625,63.390625,True,,
catalog,c2/directed-3-in-3-out/n2,c2/directed-3-in-3-out,c2,default,2,baf0c3c3909446b5ddb101a9e1cef05b2b7d0119898889d0475bf7ee679805d0,incremental3,ok,ok,0.034732624888420105,0.04141033417545259,1.1922604268604773,44.484375,43.078125,True,,
catalog,c2/directed-3-in-3-out/n3,c2/directed-3-in-3-out,c2,default,3,249044f548474ec79745e67cce68c3177f3e246cdf0e5c45a25d7ebebe0f9278,fastv2,ok,ok,0.15908433287404478,0.17380145797505975,1.0925114675664969,53.234375,58.15625,True,,
catalog,c2/directed-3-in-3-out/n3,c2/directed-3-in-3-out,c2,default,3,249044f548474ec79745e67cce68c3177f3e246cdf0e5c45a25d7ebebe0f9278,incremental3,ok,ok,0.03618179215118289,0.044877541018649936,1.2403349406003028,44.890625,43.046875,True,,
catalog,c2/directed-3-in-3-out/n4,c2/directed-3-in-3-out,c2,default,4,51c188389662742a0c173e4377498ecb78adf5d572be0962935570479e554759,fastv2,ok,ok,0.38653087499551475,0.38170075020752847,0.9875039095181146,53.625,63.203125,True,,
catalog,c2/directed-3-in-3-out/n4,c2/directed-3-in-3-out,c2,default,4,51c188389662742a0c173e4377498ecb78adf5d572be0962935570479e554759,incremental3,ok,ok,0.03599025006406009,0.04217604105360806,1.1718740764106306,44.65625,40.90625,True,,
catalog,c2/directed-3-in-3-out/n5,c2/directed-3-in-3-out,c2,default,5,3decdaa022856c008136041a10609735d3a8e16b89515ec918eecfd48d985f9a,fastv2,ok,ok,1.1486554169096053,1.1644203341566026,1.0137246706148064,54.25,54.453125,True,,
catalog,c2/directed-3-in-3-out/n5,c2/directed-3-in-3-out,c2,default,5,3decdaa022856c008136041a10609735d3a8e16b89515ec918eecfd48d985f9a,incremental3,ok,ok,0.036219708854332566,0.04252608306705952,1.1741144369241,43.890625,43.875,True,,
catalog,c2/directed-3-in-3-out/n6,c2/directed-3-in-3-out,c2,default,6,430c82ab672968be45945a632fe0c27be26a860aec151dd7ba86e727c5961fce,fastv2,ok,ok,3.798422124935314,3.7214455830398947,0.9797346004831597,57.796875,57.546875,True,,
catalog,c2/directed-3-in-3-out/n6,c2/directed-3-in-3-out,c2,default,6,430c82ab672968be45945a632fe0c27be26a860aec151dd7ba86e727c5961fce,incremental3,ok,ok,0.04046983295120299,0.05791012500412762,1.4309454915208937,45.046875,45.796875,True,,
catalog,c2/directed-3-in-3-out/n7,c2/directed-3-in-3-out,c2,default,7,8112b510e05d8722a8d3fd1fb6657917bc198481a250944893cb033d8b38966a,fastv2,ok,ok,12.263221625005826,11.932947332970798,0.9730679015568332,62.75,62.71875,True,,
catalog,c2/directed-3-in-3-out/n7,c2/directed-3-in-3-out,c2,default,7,8112b510e05d8722a8d3fd1fb6657917bc198481a250944893cb033d8b38966a,incremental3,ok,ok,0.07526529207825661,0.08704904210753739,1.1565628685401061,45.5625,46.296875,True,,
catalog,c2/directed-3-in-3-out/n8,c2/directed-3-in-3-out,c2,default,8,32f5047d9b4218b9259e7f5aa9b9dcdde29847753aa7c94fe2f10ff8817c614a,fastv2,timeout,timeout,,,,75.84375,77.609375,,exceeded 30.0s wall time,exceeded 30.0s wall time
catalog,c2/directed-3-in-3-out/n8,c2/directed-3-in-3-out,c2,default,8,32f5047d9b4218b9259e7f5aa9b9dcdde29847753aa7c94fe2f10ff8817c614a,incremental3,ok,ok,0.13121570809744298,0.1365941669791937,1.0409894437162703,46.546875,46.984375,True,,
catalog,c2/directed-3-in-3-out/n9,c2/directed-3-in-3-out,c2,default,9,1cf1adc1d5be646bcdb6b55d69d18fbcaa74aeeb104bd806faa09f37c2a30f1f,fastv2,skipped-after-resource,skipped-after-resource,,,,,,,a smaller domain in this series hit a resource limit,a smaller domain in this series hit a resource limit
catalog,c2/directed-3-in-3-out/n9,c2/directed-3-in-3-out,c2,default,9,1cf1adc1d5be646bcdb6b55d69d18fbcaa74aeeb104bd806faa09f37c2a30f1f,incremental3,skipped-after-resource,skipped-after-resource,,,,,,,a smaller domain in this series hit a resource limit,a smaller domain in this series hit a resource limit
catalog,c2/directed-3-in-3-out/n10,c2/directed-3-in-3-out,c2,default,10,668cde3b6f7f02c9e3530691abc87b5d466c71e8ad916e73e37cfae0e7ab61c0,fastv2,skipped-after-resource,skipped-after-resource,,,,,,,a smaller domain in this series hit a resource limit,a smaller domain in this series hit a resource limit
catalog,c2/directed-3-in-3-out/n10,c2/directed-3-in-3-out,c2,default,10,668cde3b6f7f02c9e3530691abc87b5d466c71e8ad916e73e37cfae0e7ab61c0,incremental3,skipped-after-resource,skipped-after-resource,,,,,,,a smaller domain in this series hit a resource limit,a smaller domain in this series hit a resource limit
catalog,c2/directed-3-in-3-out/n11,c2/directed-3-in-3-out,c2,default,11,229b3c982a2d4370d2bb661f1e51bdc76026df9ff70024c240d60f52c3372790,fastv2,skipped-after-resource,skipped-after-resource,,,,,,,a smaller domain in this series hit a resource limit,a smaller domain in this series hit a resource limit
catalog,c2/directed-3-in-3-out/n11,c2/directed-3-in-3-out,c2,default,11,229b3c982a2d4370d2bb661f1e51bdc76026df9ff70024c240d60f52c3372790,incremental3,skipped-after-resource,skipped-after-resource,,,,,,,a smaller domain in this series hit a resource limit,a smaller domain in this series hit a resource limit
catalog,c2/directed-3-in-3-out/n12,c2/directed-3-in-3-out,c2,default,12,d57d33555df0c10caf383a292d08bcea5b56c1bc01100df1bb2b0a2ea09c21b0,fastv2,skipped-after-resource,skipped-after-resource,,,,,,,a smaller domain in this series hit a resource limit,a smaller domain in this series hit a resource limit
catalog,c2/directed-3-in-3-out/n12,c2/directed-3-in-3-out,c2,default,12,d57d33555df0c10caf383a292d08bcea5b56c1bc01100df1bb2b0a2ea09c21b0,incremental3,skipped-after-resource,skipped-after-resource,,,,,,,a smaller domain in this series hit a resource limit,a smaller domain in this series hit a resource limit
catalog,c2/directed-3-in-3-out/n13,c2/directed-3-in-3-out,c2,default,13,cab253306956a841d05fe2a8f708ccf6b16a34a84bb03a25f0df041c5866aa9a,fastv2,skipped-after-resource,skipped-after-resource,,,,,,,a smaller domain in this series hit a resource limit,a smaller domain in this series hit a resource limit
catalog,c2/directed-3-in-3-out/n13,c2/directed-3-in-3-out,c2,default,13,cab253306956a841d05fe2a8f708ccf6b16a34a84bb03a25f0df041c5866aa9a,incremental3,skipped-after-resource,skipped-after-resource,,,,,,,a smaller domain in this series hit a resource limit,a smaller domain in this series hit a resource limit
catalog,c2/directed-3-in-3-out/n14,c2/directed-3-in-3-out,c2,default,14,48dbb3b3cf40527a5355584aad4709038a42001249e3c44edfe1f9a56d892d1e,fastv2,skipped-after-resource,skipped-after-resource,,,,,,,a smaller domain in this series hit a resource limit,a smaller domain in this series hit a resource limit
catalog,c2/directed-3-in-3-out/n14,c2/directed-3-in-3-out,c2,default,14,48dbb3b3cf40527a5355584aad4709038a42001249e3c44edfe1f9a56d892d1e,incremental3,skipped-after-resource,skipped-after-resource,,,,,,,a smaller domain in this series hit a resource limit,a smaller domain in this series hit a resource limit
catalog,c2/directed-3-in-3-out/n15,c2/directed-3-in-3-out,c2,default,15,80f1f7a6d7605ce8dfc065a1ffc2c32e59496af11784699dcdebc42385fadf9e,fastv2,skipped-after-resource,skipped-after-resource,,,,,,,a smaller domain in this series hit a resource limit,a smaller domain in this series hit a resource limit
catalog,c2/directed-3-in-3-out/n15,c2/directed-3-in-3-out,c2,default,15,80f1f7a6d7605ce8dfc065a1ffc2c32e59496af11784699dcdebc42385fadf9e,incremental3,skipped-after-resource,skipped-after-resource,,,,,,,a smaller domain in this series hit a resource limit,a smaller domain in this series hit a resource limit
catalog,c2/directed-3-in-3-out/n16,c2/directed-3-in-3-out,c2,default,16,9720056e3e50529aaf7dfb059b9c3035c0964595872618aa454025265c248f77,fastv2,skipped-after-resource,skipped-after-resource,,,,,,,a smaller domain in this series hit a resource limit,a smaller domain in this series hit a resource limit
catalog,c2/directed-3-in-3-out/n16,c2/directed-3-in-3-out,c2,default,16,9720056e3e50529aaf7dfb059b9c3035c0964595872618aa454025265c248f77,incremental3,skipped-after-resource,skipped-after-resource,,,,,,,a smaller domain in this series hit a resource limit,a smaller domain in this series hit a resource limit
catalog,c2/directed-3-in-3-out/n17,c2/directed-3-in-3-out,c2,default,17,35b563fde4dddce5b1e2989edf824bb85819ab1dbfa62a5907eea21da0184b6f,fastv2,skipped-after-resource,skipped-after-resource,,,,,,,a smaller domain in this series hit a resource limit,a smaller domain in this series hit a resource limit
catalog,c2/directed-3-in-3-out/n17,c2/directed-3-in-3-out,c2,default,17,35b563fde4dddce5b1e2989edf824bb85819ab1dbfa62a5907eea21da0184b6f,incremental3,skipped-after-resource,skipped-after-resource,,,,,,,a smaller domain in this series hit a resource limit,a smaller domain in this series hit a resource limit
catalog,c2/directed-3-in-3-out/n18,c2/directed-3-in-3-out,c2,default,18,fa93808388e5a3c3a700bc04c4df2bbb34ea43f8ea62783a654a9c1193b17b45,fastv2,skipped-after-resource,skipped-after-resource,,,,,,,a smaller domain in this series hit a resource limit,a smaller domain in this series hit a resource limit
catalog,c2/directed-3-in-3-out/n18,c2/directed-3-in-3-out,c2,default,18,fa93808388e5a3c3a700bc04c4df2bbb34ea43f8ea62783a654a9c1193b17b45,incremental3,skipped-after-resource,skipped-after-resource,,,,,,,a smaller domain in this series hit a resource limit,a smaller domain in this series hit a resource limit
catalog,c2/directed-3-in-3-out/n19,c2/directed-3-in-3-out,c2,default,19,a21b7c25687400a10f6837cfd75680ad355df02ad9cf5addd876d380d39d16b8,fastv2,skipped-after-resource,skipped-after-resource,,,,,,,a smaller domain in this series hit a resource limit,a smaller domain in this series hit a resource limit
catalog,c2/directed-3-in-3-out/n19,c2/directed-3-in-3-out,c2,default,19,a21b7c25687400a10f6837cfd75680ad355df02ad9cf5addd876d380d39d16b8,incremental3,skipped-after-resource,skipped-after-resource,,,,,,,a smaller domain in this series hit a resource limit,a smaller domain in this series hit a resource limit
catalog,c2/directed-3-in-3-out/n20,c2/directed-3-in-3-out,c2,default,20,d08b287051994daaa35245be4edafa6a73cb09bac4709216af55cdd1fc702383,fastv2,skipped-after-resource,skipped-after-resource,,,,,,,a smaller domain in this series hit a resource limit,a smaller domain in this series hit a resource limit
catalog,c2/directed-3-in-3-out/n20,c2/directed-3-in-3-out,c2,default,20,d08b287051994daaa35245be4edafa6a73cb09bac4709216af55cdd1fc702383,incremental3,skipped-after-resource,skipped-after-resource,,,,,,,a smaller domain in this series hit a resource limit,a smaller domain in this series hit a resource limit
catalog,cardinality/3-regular-properly-4-coloured/n10,cardinality/3-regular-properly-4-coloured,cardinality,default,10,eb2dfd58fdb5f2a653306dcfa49c93b387a50e31fdf13afd6b65c9d332aa74ee,fastv2,ok,ok,19.14986520889215,19.102309542009607,0.9975166578791133,74.78125,75.1875,True,,
catalog,cardinality/3-regular-properly-4-coloured/n10,cardinality/3-regular-properly-4-coloured,cardinality,default,10,eb2dfd58fdb5f2a653306dcfa49c93b387a50e31fdf13afd6b65c9d332aa74ee,incremental3,timeout,timeout,,,,2058.671875,2018.71875,,exceeded 30.0s wall time,exceeded 30.0s wall time
catalog,cardinality/3-regular-properly-4-coloured/n15,cardinality/3-regular-properly-4-coloured,cardinality,default,15,3902f7dc3fa48b260e0c1fdb7cc853b0e04bbbabda330b9f80e62e76e703798d,fastv2,skipped-after-resource,skipped-after-resource,,,,,,,a smaller domain in this series hit a resource limit,a smaller domain in this series hit a resource limit
catalog,cardinality/3-regular-properly-4-coloured/n15,cardinality/3-regular-properly-4-coloured,cardinality,default,15,3902f7dc3fa48b260e0c1fdb7cc853b0e04bbbabda330b9f80e62e76e703798d,incremental3,skipped-after-resource,skipped-after-resource,,,,,,,a smaller domain in this series hit a resource limit,a smaller domain in this series hit a resource limit
catalog,cardinality/3-regular-properly-4-coloured/n20,cardinality/3-regular-properly-4-coloured,cardinality,default,20,353cd45033d5429e764c8831b5e20a975c422307d88877b3a362d3434aeb454c,fastv2,skipped-after-resource,skipped-after-resource,,,,,,,a smaller domain in this series hit a resource limit,a smaller domain in this series hit a resource limit
catalog,cardinality/3-regular-properly-4-coloured/n20,cardinality/3-regular-properly-4-coloured,cardinality,default,20,353cd45033d5429e764c8831b5e20a975c422307d88877b3a362d3434aeb454c,incremental3,skipped-after-resource,skipped-after-resource,,,,,,,a smaller domain in this series hit a resource limit,a smaller domain in this series hit a resource limit
catalog,cardinality/3-regular-properly-4-coloured/n30,cardinality/3-regular-properly-4-coloured,cardinality,default,30,c58800cc6df5fb04749859fa22f3a9f57fad04af91f6556ecbc344df3310f0d7,fastv2,skipped-after-resource,skipped-after-resource,,,,,,,a smaller domain in this series hit a resource limit,a smaller domain in this series hit a resource limit
catalog,cardinality/3-regular-properly-4-coloured/n30,cardinality/3-regular-properly-4-coloured,cardinality,default,30,c58800cc6df5fb04749859fa22f3a9f57fad04af91f6556ecbc344df3310f0d7,incremental3,skipped-after-resource,skipped-after-resource,,,,,,,a smaller domain in this series hit a resource limit,a smaller domain in this series hit a resource limit
catalog,cardinality/3-regular-properly-4-coloured/n50,cardinality/3-regular-properly-4-coloured,cardinality,default,50,389564c0eb179916b01477afd2cdcab7b2080c0950bae7d63494dfe02c914ce6,fastv2,skipped-after-resource,skipped-after-resource,,,,,,,a smaller domain in this series hit a resource limit,a smaller domain in this series hit a resource limit
catalog,cardinality/3-regular-properly-4-coloured/n50,cardinality/3-regular-properly-4-coloured,cardinality,default,50,389564c0eb179916b01477afd2cdcab7b2080c0950bae7d63494dfe02c914ce6,incremental3,skipped-after-resource,skipped-after-resource,,,,,,,a smaller domain in this series hit a resource limit,a smaller domain in this series hit a resource limit
catalog,cardinality/directed-3-regular/n10,cardinality/directed-3-regular,cardinality,default,10,a08ddcea1c189bd433f11b22e2d2ac95a8b13cbd032bca47fac763532e57e515,fastv2,timeout,timeout,,,,87.015625,75.484375,,exceeded 30.0s wall time,exceeded 30.0s wall time
catalog,cardinality/directed-3-regular/n10,cardinality/directed-3-regular,cardinality,default,10,a08ddcea1c189bd433f11b22e2d2ac95a8b13cbd032bca47fac763532e57e515,incremental3,timeout,timeout,,,,1982.0,1995.234375,,exceeded 30.0s wall time,exceeded 30.0s wall time
catalog,cardinality/directed-3-regular/n11,cardinality/directed-3-regular,cardinality,default,11,d3855084b4d6124273c7cdb266eeb1b05e28d3ed2cf5b7822fa6ad389b0960ad,fastv2,skipped-after-resource,skipped-after-resource,,,,,,,a smaller domain in this series hit a resource limit,a smaller domain in this series hit a resource limit
catalog,cardinality/directed-3-regular/n11,cardinality/directed-3-regular,cardinality,default,11,d3855084b4d6124273c7cdb266eeb1b05e28d3ed2cf5b7822fa6ad389b0960ad,incremental3,skipped-after-resource,skipped-after-resource,,,,,,,a smaller domain in this series hit a resource limit,a smaller domain in this series hit a resource limit
catalog,cardinality/directed-3-regular/n12,cardinality/directed-3-regular,cardinality,default,12,bba80141dcb232caaf866c8a182454bfd28489bbb54331820dfeda8075afd2c5,fastv2,skipped-after-resource,skipped-after-resource,,,,,,,a smaller domain in this series hit a resource limit,a smaller domain in this series hit a resource limit
catalog,cardinality/directed-3-regular/n12,cardinality/directed-3-regular,cardinality,default,12,bba80141dcb232caaf866c8a182454bfd28489bbb54331820dfeda8075afd2c5,incremental3,skipped-after-resource,skipped-after-resource,,,,,,,a smaller domain in this series hit a resource limit,a smaller domain in this series hit a resource limit
catalog,cardinality/directed-3-regular/n13,cardinality/directed-3-regular,cardinality,default,13,717ece4597b4b83f5328cc3c38dee92ce55f42a6b4fa96d4217f12e5a7a30f67,fastv2,skipped-after-resource,skipped-after-resource,,,,,,,a smaller domain in this series hit a resource limit,a smaller domain in this series hit a resource limit
catalog,cardinality/directed-3-regular/n13,cardinality/directed-3-regular,cardinality,default,13,717ece4597b4b83f5328cc3c38dee92ce55f42a6b4fa96d4217f12e5a7a30f67,incremental3,skipped-after-resource,skipped-after-resource,,,,,,,a smaller domain in this series hit a resource limit,a smaller domain in this series hit a resource limit
catalog,cardinality/directed-3-regular/n14,cardinality/directed-3-regular,cardinality,default,14,621b9eaeeb714ff590fefb3b71e567c5172f83248bef849d063200316d018290,fastv2,skipped-after-resource,skipped-after-resource,,,,,,,a smaller domain in this series hit a resource limit,a smaller domain in this series hit a resource limit
catalog,cardinality/directed-3-regular/n14,cardinality/directed-3-regular,cardinality,default,14,621b9eaeeb714ff590fefb3b71e567c5172f83248bef849d063200316d018290,incremental3,skipped-after-resource,skipped-after-resource,,,,,,,a smaller domain in this series hit a resource limit,a smaller domain in this series hit a resource limit
catalog,cardinality/directed-3-regular/n15,cardinality/directed-3-regular,cardinality,default,15,ab8e35c4f235109a8eae6cb8ec3eefefbb0d01182a4521216fbb211369b25bd9,fastv2,skipped-after-resource,skipped-after-resource,,,,,,,a smaller domain in this series hit a resource limit,a smaller domain in this series hit a resource limit
catalog,cardinality/directed-3-regular/n15,cardinality/directed-3-regular,cardinality,default,15,ab8e35c4f235109a8eae6cb8ec3eefefbb0d01182a4521216fbb211369b25bd9,incremental3,skipped-after-resource,skipped-after-resource,,,,,,,a smaller domain in this series hit a resource limit,a smaller domain in this series hit a resource limit
catalog,core/2-coloured/n8,core/2-coloured,core,default,8,2a28eb6a4a86ec381b4d51b27d76d2e6bb542acc2bcf44dd5c190d74a4f23424,fastv2,ok,ok,0.12332333298400044,0.1411111659836024,1.1442373683000417,51.453125,51.84375,True,,
catalog,core/2-coloured/n8,core/2-coloured,core,default,8,2a28eb6a4a86ec381b4d51b27d76d2e6bb542acc2bcf44dd5c190d74a4f23424,incremental3,ok,ok,0.05303254211321473,0.06102987495251,1.1508004806223022,45.484375,43.578125,True,,
catalog,core/2-coloured/n100,core/2-coloured,core,default,100,7691223c710a84709708591ac47b8c92d95cd3f64c3fc88e1444b40631e23853,fastv2,ok,ok,0.061382124898955226,0.07016054191626608,1.1430125957966026,48.6875,52.625,True,,
catalog,core/2-coloured/n100,core/2-coloured,core,default,100,7691223c710a84709708591ac47b8c92d95cd3f64c3fc88e1444b40631e23853,incremental3,ok,ok,0.06286883284337819,0.13728700019419193,2.1837052476575765,47.015625,48.390625,True,,
catalog,core/2-coloured/n200,core/2-coloured,core,default,200,1424839c33e83ae3361c9d7f05f6e511ba48171264d49d7d63b5c0992d3d20d9,fastv2,ok,ok,0.061726874904707074,0.073220832971856,1.1862067063154114,50.640625,52.375,True,,
catalog,core/2-coloured/n200,core/2-coloured,core,default,200,1424839c33e83ae3361c9d7f05f6e511ba48171264d49d7d63b5c0992d3d20d9,incremental3,ok,ok,0.13708558399230242,0.14441187493503094,1.053443190227354,62.0625,61.375,True,,
catalog,core/2-coloured/n300,core/2-coloured,core,default,300,f9ec10fca1c5fb285347b5700fe0b7059f4d62789dc23002f6fb1bc809d48174,fastv2,ok,ok,0.06314529106020927,0.07050695782527328,1.1165829888731469,49.484375,55.4375,True,,
catalog,core/2-coloured/n300,core/2-coloured,core,default,300,f9ec10fca1c5fb285347b5700fe0b7059f4d62789dc23002f6fb1bc809d48174,incremental3,ok,ok,0.2778553341049701,0.2871940420009196,1.0336099644299843,108.09375,114.578125,True,,
catalog,core/2-matchings/n20,core/2-matchings,core,default,20,19671f69ffb088488a636239c14f23f6d15a8544466b1ba793c7ad0dcce03790,fastv2,ok,ok,0.06318862503394485,0.07002249988727272,1.1081503965255886,50.546875,52.28125,True,,
catalog,core/2-matchings/n20,core/2-matchings,core,default,20,19671f69ffb088488a636239c14f23f6d15a8544466b1ba793c7ad0dcce03790,incremental3,ok,ok,0.10079145804047585,0.10568429203704,1.0485441335177361,48.34375,48.53125,True,,
catalog,core/2-matchings/n30,core/2-matchings,core,default,30,d73ff7668223722f3b11313d5fc02f7c6918128aac9ee393a8d0495bd5f64ee9,fastv2,ok,ok,0.07518691685982049,0.06678083399310708,0.8881975319936869,52.40625,51.96875,True,,
catalog,core/2-matchings/n30,core/2-matchings,core,default,30,d73ff7668223722f3b11313d5fc02f7c6918128aac9ee393a8d0495bd5f64ee9,incremental3,ok,ok,0.3095269158948213,0.3211907090153545,1.0376826457460542,64.046875,69.984375,True,,
catalog,core/2-matchings/n40,core/2-matchings,core,default,40,383e59333ff85e7c6322eb469dab43f5e7754c35bedba1561ca6b09b584ff611,fastv2,ok,ok,0.06351054110564291,0.07272633304819465,1.1451064938530795,50.3125,52.703125,True,,
catalog,core/2-matchings/n40,core/2-matchings,core,default,40,383e59333ff85e7c6322eb469dab43f5e7754c35bedba1561ca6b09b584ff611,incremental3,ok,ok,0.897535583935678,0.8719242080114782,0.9714647793551601,112.984375,112.109375,True,,
catalog,core/2-regular/n30,core/2-regular,core,default,30,e9a6290e27bb8bf29cdca6020603e39b7db9847708ebdc763c524e1e1dc9fb86,fastv2,ok,ok,0.06336637493222952,0.06925525004044175,1.0929337541323834,51.96875,51.328125,True,,
catalog,core/2-regular/n30,core/2-regular,core,default,30,e9a6290e27bb8bf29cdca6020603e39b7db9847708ebdc763c524e1e1dc9fb86,incremental3,ok,ok,0.06987079209648073,0.07407325017265975,1.0601461347450603,46.765625,46.625,True,,
catalog,core/2-regular/n60,core/2-regular,core,default,60,4c004bf1abd6ec000ffbf6796ce337b1f44eeffa9c47b983f50559972775d155,fastv2,ok,ok,0.06457045790739357,0.07030145800672472,1.0887557605298461,52.265625,51.171875,True,,
catalog,core/2-regular/n60,core/2-regular,core,default,60,4c004bf1abd6ec000ffbf6796ce337b1f44eeffa9c47b983f50559972775d155,incremental3,ok,ok,0.26295104110613465,0.27141320798546076,1.0321815302336472,63.421875,63.265625,True,,
catalog,core/2-regular/n100,core/2-regular,core,default,100,a7013029b38e72325deb28b80e904817b60a9b17d8bc67cc0125e80f85d482dc,fastv2,ok,ok,0.07315845810808241,0.08691920805722475,1.188095133563539,52.140625,52.984375,True,,
catalog,core/2-regular/n100,core/2-regular,core,default,100,a7013029b38e72325deb28b80e904817b60a9b17d8bc67cc0125e80f85d482dc,incremental3,ok,ok,1.194074667058885,1.2322360419202596,1.0319589519099082,184.296875,183.015625,True,,
catalog,core/3-coloured/n100,core/3-coloured,core,default,100,5b0c05d0823361ea1ee3794c629e8d864994b9786e451ebeb74bcedccd50996c,fastv2,ok,ok,0.06872699991799891,0.07593866693787277,1.104932079509922,52.75,52.359375,True,,
catalog,core/3-coloured/n100,core/3-coloured,core,default,100,5b0c05d0823361ea1ee3794c629e8d864994b9786e451ebeb74bcedccd50996c,incremental3,ok,ok,1.1784946250263602,1.158960249973461,0.9834242985601549,162.25,162.6875,True,,
catalog,core/3-coloured/n200,core/3-coloured,core,default,200,a0a121712be1dea6c5f4770ded572981c4d8feafac806f054edf24897b722108,fastv2,ok,ok,0.09943529102019966,0.10996200004592538,1.1058649189610887,55.5,55.625,True,,
catalog,core/3-coloured/n200,core/3-coloured,core,default,200,a0a121712be1dea6c5f4770ded572981c4d8feafac806f054edf24897b722108,incremental3,ok,ok,14.187048874795437,14.216156083159149,1.0020516746379455,1180.890625,1016.65625,True,,
catalog,core/3-coloured/n300,core/3-coloured,core,default,300,0d283fb4250a331d818c1a328b82bcc67903394185a278ee6c23f2bc9c06017a,fastv2,ok,ok,0.20484504103660583,0.2154239579103887,1.051643509748876,62.28125,60.078125,True,,
catalog,core/3-coloured/n300,core/3-coloured,core,default,300,0d283fb4250a331d818c1a328b82bcc67903394185a278ee6c23f2bc9c06017a,incremental3,timeout,timeout,,,,1433.03125,1442.890625,,exceeded 30.0s wall time,exceeded 30.0s wall time
catalog,core/3-matchings/n10,core/3-matchings,core,default,10,3ec61fa91ae275f86e2aed5083ae80ad19120e5eded8d5a9dfda0645bae90159,fastv2,ok,ok,0.22018695808947086,0.31508287508040667,1.4309788273307984,52.203125,54.375,True,,
catalog,core/3-matchings/n10,core/3-matchings,core,default,10,3ec61fa91ae275f86e2aed5083ae80ad19120e5eded8d5a9dfda0645bae90159,incremental3,ok,ok,0.4429874171037227,0.45776908309198916,1.033368139630037,69.90625,76.5,True,,
catalog,core/3-matchings/n20,core/3-matchings,core,default,20,b475f2013330f569029a60c3a8a9f4a4f83a1730222ccc49c266e0c727e3ae0c,fastv2,ok,ok,1.1457564590964466,1.1771767500322312,1.0274231846448092,53.40625,53.96875,True,,
catalog,core/3-matchings/n20,core/3-matchings,core,default,20,b475f2013330f569029a60c3a8a9f4a4f83a1730222ccc49c266e0c727e3ae0c,incremental3,timeout,timeout,,,,1214.34375,1164.5625,,exceeded 30.0s wall time,exceeded 30.0s wall time
catalog,core/3-matchings/n30,core/3-matchings,core,default,30,75e5d590b2a47effe0db9a41047da2e097943c13dcb71c753381dd026cbf75b1,fastv2,skipped-after-resource,skipped-after-resource,,,,,,,a smaller domain in this series hit a resource limit,a smaller domain in this series hit a resource limit
catalog,core/3-matchings/n30,core/3-matchings,core,default,30,75e5d590b2a47effe0db9a41047da2e097943c13dcb71c753381dd026cbf75b1,incremental3,skipped-after-resource,skipped-after-resource,,,,,,,a smaller domain in this series hit a resource limit,a smaller domain in this series hit a resource limit
catalog,core/3-matchings/n40,core/3-matchings,core,default,40,9144c58d8eb19a0468eb1a0686d471fd417d6e47b13fef342560df2dbb3c25a7,fastv2,skipped-after-resource,skipped-after-resource,,,,,,,a smaller domain in this series hit a resource limit,a smaller domain in this series hit a resource limit
catalog,core/3-matchings/n40,core/3-matchings,core,default,40,9144c58d8eb19a0468eb1a0686d471fd417d6e47b13fef342560df2dbb3c25a7,incremental3,skipped-after-resource,skipped-after-resource,,,,,,,a smaller domain in this series hit a resource limit,a smaller domain in this series hit a resource limit
catalog,core/3-regular/n30,core/3-regular,core,default,30,20798b1eb467b96faf42f69174201d0d879d1226c26df1348ca70b307b0cfd84,fastv2,ok,ok,0.13690291601233184,0.1449017080012709,1.0584267466459119,51.765625,52.65625,True,,
catalog,core/3-regular/n30,core/3-regular,core,default,30,20798b1eb467b96faf42f69174201d0d879d1226c26df1348ca70b307b0cfd84,incremental3,ok,ok,0.34121454088017344,0.349544791970402,1.0244135290036012,71.484375,65.546875,True,,
catalog,core/3-regular/n60,core/3-regular,core,default,60,21bd5096d5c1b5cf59488053ebfde6d7af9aa301124e52e078432a24f4905213,fastv2,ok,ok,0.15984183293767273,0.16542687499895692,1.0349410536568482,52.4375,52.890625,True,,
catalog,core/3-regular/n60,core/3-regular,core,default,60,21bd5096d5c1b5cf59488053ebfde6d7af9aa301124e52e078432a24f4905213,incremental3,ok,ok,4.86549016693607,4.742299332981929,0.9746806940868371,443.046875,441.390625,True,,
catalog,core/3-regular/n100,core/3-regular,core,default,100,b4212666ac6f4ae5015e4dad85ee0f6b74dfa41ac42093113657c454f7623145,fastv2,ok,ok,0.6528041670098901,0.6593965000938624,1.0100984849930843,53.609375,53.6875,True,,
catalog,core/3-regular/n100,core/3-regular,core,default,100,b4212666ac6f4ae5015e4dad85ee0f6b74dfa41ac42093113657c454f7623145,incremental3,timeout,timeout,,,,1481.046875,1587.53125,,exceeded 30.0s wall time,exceeded 30.0s wall time
catalog,core/4-coloured/n100,core/4-coloured,core,default,100,5b26a4cdc37667f265800af0b6b69ecd669f22e26f4a8d34e53d69f47d7158ec,fastv2,ok,ok,0.1395831669215113,0.15223279199562967,1.090624287678122,52.75,52.734375,True,,
catalog,core/4-coloured/n100,core/4-coloured,core,default,100,5b26a4cdc37667f265800af0b6b69ecd669f22e26f4a8d34e53d69f47d7158ec,incremental3,timeout,timeout,,,,1725.015625,1907.265625,,exceeded 30.0s wall time,exceeded 30.0s wall time
catalog,core/4-coloured/n200,core/4-coloured,core,default,200,4032a5db4252821da777d40b6ccebb29541f8030a9218fe993ac65036208fd19,fastv2,skipped-after-resource,skipped-after-resource,,,,,,,a smaller domain in this series hit a resource limit,a smaller domain in this series hit a resource limit
catalog,core/4-coloured/n200,core/4-coloured,core,default,200,4032a5db4252821da777d40b6ccebb29541f8030a9218fe993ac65036208fd19,incremental3,skipped-after-resource,skipped-after-resource,,,,,,,a smaller domain in this series hit a resource limit,a smaller domain in this series hit a resource limit
catalog,core/4-coloured/n300,core/4-coloured,core,default,300,820a9b6860bda89315b17e5b1f4ea7db2fc91167f7c45d64e0d5bd695bfca348,fastv2,skipped-after-resource,skipped-after-resource,,,,,,,a smaller domain in this series hit a resource limit,a smaller domain in this series hit a resource limit
catalog,core/4-coloured/n300,core/4-coloured,core,default,300,820a9b6860bda89315b17e5b1f4ea7db2fc91167f7c45d64e0d5bd695bfca348,incremental3,skipped-after-resource,skipped-after-resource,,,,,,,a smaller domain in this series hit a resource limit,a smaller domain in this series hit a resource limit
catalog,core/4-matchings/n8,core/4-matchings,core,default,8,7b24a6044b4e4f521a847794c49d5d84c7f5383eae0e826bdbdefb8a77819771,fastv2,ok,ok,21.427290708059445,14.309138250071555,0.6677996973592868,127.25,117.328125,True,,
catalog,core/4-matchings/n8,core/4-matchings,core,default,8,7b24a6044b4e4f521a847794c49d5d84c7f5383eae0e826bdbdefb8a77819771,incremental3,ok,ok,11.002720749936998,10.766401750035584,0.9785217669999698,698.609375,731.234375,True,,
catalog,core/4-matchings/n12,core/4-matchings,core,default,12,81c32dbdda4572417f265a8b209b8a2165ed8bafcfa9849f6622d590f517ce08,fastv2,timeout,timeout,,,,119.4375,129.328125,,exceeded 30.0s wall time,exceeded 30.0s wall time
catalog,core/4-matchings/n12,core/4-matchings,core,default,12,81c32dbdda4572417f265a8b209b8a2165ed8bafcfa9849f6622d590f517ce08,incremental3,timeout,timeout,,,,2197.046875,2327.015625,,exceeded 30.0s wall time,exceeded 30.0s wall time
catalog,core/4-matchings/n16,core/4-matchings,core,default,16,4b24d19d690a611daf710bb038cd5fa991a0a8aa54b01337f5a2fd90439d6e99,fastv2,skipped-after-resource,skipped-after-resource,,,,,,,a smaller domain in this series hit a resource limit,a smaller domain in this series hit a resource limit
catalog,core/4-matchings/n16,core/4-matchings,core,default,16,4b24d19d690a611daf710bb038cd5fa991a0a8aa54b01337f5a2fd90439d6e99,incremental3,skipped-after-resource,skipped-after-resource,,,,,,,a smaller domain in this series hit a resource limit,a smaller domain in this series hit a resource limit
catalog,core/4-regular/n20,core/4-regular,core,default,20,ada52039a5bc5e307e0112efc76e8f3ce973a9ca9b4a4dd6c113b556460f445c,fastv2,ok,ok,0.1627065408974886,0.17110979184508324,1.0516466695268816,57.484375,57.359375,True,,
catalog,core/4-regular/n20,core/4-regular,core,default,20,ada52039a5bc5e307e0112efc76e8f3ce973a9ca9b4a4dd6c113b556460f445c,incremental3,ok,ok,0.4339067079126835,0.4424762499984354,1.0197497340545294,75.703125,75.34375,True,,
catalog,core/4-regular/n40,core/4-regular,core,default,40,b3dd04eec50d9bf8a9bdd7df9645361b6bd296e03a85261bdced530f8dff4fd7,fastv2,ok,ok,0.4967500001657754,0.5029986668378115,1.0125790974734792,60.796875,59.84375,True,,
catalog,core/4-regular/n40,core/4-regular,core,default,40,b3dd04eec50d9bf8a9bdd7df9645361b6bd296e03a85261bdced530f8dff4fd7,incremental3,ok,ok,9.991155124967918,9.979625958018005,0.9988460626618536,761.4375,761.234375,True,,
catalog,core/4-regular/n60,core/4-regular,core,default,60,197e1290166219b2ba3eb2badc1885a950693d4a501b1be5933daa654df9dfb8,fastv2,ok,ok,2.183843582868576,2.2440053750760853,1.0275485811710399,63.59375,64.359375,True,,
catalog,core/4-regular/n60,core/4-regular,core,default,60,197e1290166219b2ba3eb2badc1885a950693d4a501b1be5933daa654df9dfb8,incremental3,timeout,timeout,,,,1551.84375,1588.75,,exceeded 30.0s wall time,exceeded 30.0s wall time
catalog,core/5-coloured/n75,core/5-coloured,core,default,75,a21682699c48e896b2231c40f0fb1163342d6bfb60d57e96f2fb15c0c6d14623,fastv2,ok,ok,0.15025970782153308,0.15296629187650979,1.0180127067609592,52.4375,52.890625,True,,
catalog,core/5-coloured/n75,core/5-coloured,core,default,75,a21682699c48e896b2231c40f0fb1163342d6bfb60d57e96f2fb15c0c6d14623,incremental3,timeout,timeout,,,,1160.5,1766.203125,,exceeded 30.0s wall time,exceeded 30.0s wall time
catalog,core/5-coloured/n150,core/5-coloured,core,default,150,354775ebe4d5ff3f65e095917118cd05de3665d95a729967ac0ea380ad98305e,fastv2,skipped-after-resource,skipped-after-resource,,,,,,,a smaller domain in this series hit a resource limit,a smaller domain in this series hit a resource limit
catalog,core/5-coloured/n150,core/5-coloured,core,default,150,354775ebe4d5ff3f65e095917118cd05de3665d95a729967ac0ea380ad98305e,incremental3,skipped-after-resource,skipped-after-resource,,,,,,,a smaller domain in this series hit a resource limit,a smaller domain in this series hit a resource limit
catalog,core/5-coloured/n225,core/5-coloured,core,default,225,d47ba4a9ee1991e41de754d36b5fbd1955692f3233e92b62d2d1e4a802a31148,fastv2,skipped-after-resource,skipped-after-resource,,,,,,,a smaller domain in this series hit a resource limit,a smaller domain in this series hit a resource limit
catalog,core/5-coloured/n225,core/5-coloured,core,default,225,d47ba4a9ee1991e41de754d36b5fbd1955692f3233e92b62d2d1e4a802a31148,incremental3,skipped-after-resource,skipped-after-resource,,,,,,,a smaller domain in this series hit a resource limit,a smaller domain in this series hit a resource limit
catalog,core/derangements/n8,core/derangements,core,default,8,7d660df16d0157098a97c39d3553433a97d6e7dd2415c8cf4889bc104e112433,fastv2,ok,ok,0.1270742081105709,0.1260187909938395,0.9916944820477412,51.8125,52.125,True,,
catalog,core/derangements/n8,core/derangements,core,default,8,7d660df16d0157098a97c39d3553433a97d6e7dd2415c8cf4889bc104e112433,incremental3,ok,ok,0.0553756661247462,0.0613884162157774,1.108581088261514,44.796875,45.859375,True,,
catalog,core/derangements/n80,core/derangements,core,default,80,40526de14dff74fc0fbafca8f852238f8bc99f89600590875386261e8f561dcd,fastv2,ok,ok,0.06751370802521706,0.07617724989540875,1.1283227084336083,50.96875,52.921875,True,,
catalog,core/derangements/n80,core/derangements,core,default,80,40526de14dff74fc0fbafca8f852238f8bc99f89600590875386261e8f561dcd,incremental3,ok,ok,17.949609084054828,17.740696500055492,0.9883611624620328,981.65625,956.453125,True,,
catalog,core/derangements/n100,core/derangements,core,default,100,7ffa15972f8e37f5787fb8e454dbac6eaea8047ea4028acf89efc28055a7662b,fastv2,ok,ok,0.11991150001995265,0.12966550001874566,1.0813433240112083,52.671875,52.453125,True,,
catalog,core/derangements/n100,core/derangements,core,default,100,7ffa15972f8e37f5787fb8e454dbac6eaea8047ea4028acf89efc28055a7662b,incremental3,timeout,timeout,,,,1637.953125,1746.59375,,exceeded 30.0s wall time,exceeded 30.0s wall time
catalog,core/derangements/n150,core/derangements,core,default,150,97a8cd5a1a22408d43c66baee2f0f236bff68832ee152e60f59a2631baebc16a,fastv2,skipped-after-resource,skipped-after-resource,,,,,,,a smaller domain in this series hit a resource limit,a smaller domain in this series hit a resource limit
catalog,core/derangements/n150,core/derangements,core,default,150,97a8cd5a1a22408d43c66baee2f0f236bff68832ee152e60f59a2631baebc16a,incremental3,skipped-after-resource,skipped-after-resource,,,,,,,a smaller domain in this series hit a resource limit,a smaller domain in this series hit a resource limit
catalog,core/derangements/n200,core/derangements,core,default,200,6de62bb532ee3f733a5a02f0239448f25e0d1884a260943a74e9b28c0f6ad679,fastv2,skipped-after-resource,skipped-after-resource,,,,,,,a smaller domain in this series hit a resource limit,a smaller domain in this series hit a resource limit
catalog,core/derangements/n200,core/derangements,core,default,200,6de62bb532ee3f733a5a02f0239448f25e0d1884a260943a74e9b28c0f6ad679,incremental3,skipped-after-resource,skipped-after-resource,,,,,,,a smaller domain in this series hit a resource limit,a smaller domain in this series hit a resource limit
catalog,core/derangements/n250,core/derangements,core,default,250,2392270da2c5fe5e4dca1c95f72b99036e84dd2ee22e3bdcd6fc76f5c7bdb86b,fastv2,skipped-after-resource,skipped-after-resource,,,,,,,a smaller domain in this series hit a resource limit,a smaller domain in this series hit a resource limit
catalog,core/derangements/n250,core/derangements,core,default,250,2392270da2c5fe5e4dca1c95f72b99036e84dd2ee22e3bdcd6fc76f5c7bdb86b,incremental3,skipped-after-resource,skipped-after-resource,,,,,,,a smaller domain in this series hit a resource limit,a smaller domain in this series hit a resource limit
catalog,core/derangements/n300,core/derangements,core,default,300,9291575efd553d0ccc4a9c7c0484a262ae00595d33e886db79dff88dc06bf3b1,fastv2,skipped-after-resource,skipped-after-resource,,,,,,,a smaller domain in this series hit a resource limit,a smaller domain in this series hit a resource limit
catalog,core/derangements/n300,core/derangements,core,default,300,9291575efd553d0ccc4a9c7c0484a262ae00595d33e886db79dff88dc06bf3b1,incremental3,skipped-after-resource,skipped-after-resource,,,,,,,a smaller domain in this series hit a resource limit,a smaller domain in this series hit a resource limit
catalog,core/no-isolated-digraph/n8,core/no-isolated-digraph,core,default,8,8b0f5deaf01c3feb5f42a4e6968a92de030630a163b7e2d5c0097e873fa85caa,fastv2,ok,ok,0.13998754206113517,0.11744608310982585,0.8389752500871467,51.734375,52.046875,True,,
catalog,core/no-isolated-digraph/n8,core/no-isolated-digraph,core,default,8,8b0f5deaf01c3feb5f42a4e6968a92de030630a163b7e2d5c0097e873fa85caa,incremental3,ok,ok,0.05594733287580311,0.07438604207709432,1.3295726222056572,44.578125,45.625,True,,
catalog,core/no-isolated-digraph/n75,core/no-isolated-digraph,core,default,75,437a49df289f3f2f526adbe49dcff88f4edf7c642de308b246a4005ddf564e01,fastv2,ok,ok,0.060076249996200204,0.06614820891991258,1.1010708711694959,52.078125,50.140625,True,,
catalog,core/no-isolated-digraph/n75,core/no-isolated-digraph,core,default,75,437a49df289f3f2f526adbe49dcff88f4edf7c642de308b246a4005ddf564e01,incremental3,ok,ok,0.03514704201370478,0.04710950003936887,1.340354617068475,45.09375,45.96875,True,,
catalog,core/no-isolated-digraph/n150,core/no-isolated-digraph,core,default,150,68f9d30326e5cd5f965d4ac6df1b55c11cbbb7b4de87c924f7230ab77a092372,fastv2,ok,ok,0.059501875191926956,0.06810537492856383,1.144592077289762,52.609375,50.25,True,,
catalog,core/no-isolated-digraph/n150,core/no-isolated-digraph,core,default,150,68f9d30326e5cd5f965d4ac6df1b55c11cbbb7b4de87c924f7230ab77a092372,incremental3,ok,ok,0.03571120905689895,0.042762875091284513,1.1974636597475623,45.8125,43.5625,True,,
catalog,core/no-isolated-digraph/n225,core/no-isolated-digraph,core,default,225,685d18c33f774243c96d9e6fe54fe9ee9f37208384ac699adc23e52624d23ca6,fastv2,ok,ok,0.06068208394572139,0.06885795807465911,1.1347329161643631,53.796875,51.1875,True,,
catalog,core/no-isolated-digraph/n225,core/no-isolated-digraph,core,default,225,685d18c33f774243c96d9e6fe54fe9ee9f37208384ac699adc23e52624d23ca6,incremental3,ok,ok,0.03729508398100734,0.04780291602946818,1.281748448503615,47.484375,48.125,True,,
catalog,core/row-column/n8,core/row-column,core,default,8,0a46a622680192169e0027c8487ffaefc2c1676325044ea390b88e1adf5dc7dc,fastv2,ok,ok,0.06003112508915365,0.06630816590040922,1.1045631045883846,51.515625,50.484375,True,,
catalog,core/row-column/n8,core/row-column,core,default,8,0a46a622680192169e0027c8487ffaefc2c1676325044ea390b88e1adf5dc7dc,incremental3,ok,ok,0.0432130831759423,0.04881083290092647,1.1295383090855355,45.21875,45.859375,True,,
catalog,core/row-column/n50,core/row-column,core,default,50,77e372b08ed7050385a2800393118b4752380ac5fef8f164db0d37466060293b,fastv2,ok,ok,0.06708987499587238,0.07356695900671184,1.0965433906567563,52.125,52.453125,True,,
catalog,core/row-column/n50,core/row-column,core,default,50,77e372b08ed7050385a2800393118b4752380ac5fef8f164db0d37466060293b,incremental3,timeout,timeout,,,,1359.765625,1610.4375,,exceeded 30.0s wall time,exceeded 30.0s wall time
catalog,core/row-column/n75,core/row-column,core,default,75,1cabd84ceff59f68ec3041d19a32617a652264fb2e21b7cc2a4694c9f0cf04cf,fastv2,skipped-after-resource,skipped-after-resource,,,,,,,a smaller domain in this series hit a resource limit,a smaller domain in this series hit a resource limit
catalog,core/row-column/n75,core/row-column,core,default,75,1cabd84ceff59f68ec3041d19a32617a652264fb2e21b7cc2a4694c9f0cf04cf,incremental3,skipped-after-resource,skipped-after-resource,,,,,,,a smaller domain in this series hit a resource limit,a smaller domain in this series hit a resource limit
catalog,core/row-column/n100,core/row-column,core,default,100,0762a6ddb3f5bc0ad27902930c622d8417a7da8384dde988b5089073e1ee6c13,fastv2,skipped-after-resource,skipped-after-resource,,,,,,,a smaller domain in this series hit a resource limit,a smaller domain in this series hit a resource limit
catalog,core/row-column/n100,core/row-column,core,default,100,0762a6ddb3f5bc0ad27902930c622d8417a7da8384dde988b5089073e1ee6c13,incremental3,skipped-after-resource,skipped-after-resource,,,,,,,a smaller domain in this series hit a resource limit,a smaller domain in this series hit a resource limit
catalog,core/row-column/n125,core/row-column,core,default,125,c2b8181273d8f12a501e51d2d4310d1bf26f3f6fbeecd098545522e136692669,fastv2,skipped-after-resource,skipped-after-resource,,,,,,,a smaller domain in this series hit a resource limit,a smaller domain in this series hit a resource limit
catalog,core/row-column/n125,core/row-column,core,default,125,c2b8181273d8f12a501e51d2d4310d1bf26f3f6fbeecd098545522e136692669,incremental3,skipped-after-resource,skipped-after-resource,,,,,,,a smaller domain in this series hit a resource limit,a smaller domain in this series hit a resource limit
catalog,core/row-column/n150,core/row-column,core,default,150,e2ae2cb4f66af7d3a2d43fe8e32554462ce9a55909fadd0abf25b4fd0057ca18,fastv2,skipped-after-resource,skipped-after-resource,,,,,,,a smaller domain in this series hit a resource limit,a smaller domain in this series hit a resource limit
catalog,core/row-column/n150,core/row-column,core,default,150,e2ae2cb4f66af7d3a2d43fe8e32554462ce9a55909fadd0abf25b4fd0057ca18,incremental3,skipped-after-resource,skipped-after-resource,,,,,,,a smaller domain in this series hit a resource limit,a smaller domain in this series hit a resource limit
catalog,core/row-column/n200,core/row-column,core,default,200,ec10b2721472638d0d9fbe333955222a2f78cf835770b19b37d5c0b4ef67177b,fastv2,skipped-after-resource,skipped-after-resource,,,,,,,a smaller domain in this series hit a resource limit,a smaller domain in this series hit a resource limit
catalog,core/row-column/n200,core/row-column,core,default,200,ec10b2721472638d0d9fbe333955222a2f78cf835770b19b37d5c0b4ef67177b,incremental3,skipped-after-resource,skipped-after-resource,,,,,,,a smaller domain in this series hit a resource limit,a smaller domain in this series hit a resource limit
catalog,core/total-mappings/n80,core/total-mappings,core,default,80,967fd305c49ae6445942c145768a21b06453119c3df3685e406361e226eac9af,fastv2,ok,ok,0.129399084020406,0.14250762481242418,1.101303196164441,52.71875,52.953125,True,,
catalog,core/total-mappings/n80,core/total-mappings,core,default,80,967fd305c49ae6445942c145768a21b06453119c3df3685e406361e226eac9af,incremental3,ok,ok,0.5986457909457386,0.6323089171200991,1.0562321270499198,116.9375,116.9375,True,,
catalog,core/total-mappings/n160,core/total-mappings,core,default,160,0c4642be4461f0e7ae79494c393eb67182f53533088bf25a7aa3f493802437d9,fastv2,ok,ok,0.12936183298006654,0.1605596251320094,1.2411668993338254,54.0,55.515625,True,,
catalog,core/total-mappings/n160,core/total-mappings,core,default,160,0c4642be4461f0e7ae79494c393eb67182f53533088bf25a7aa3f493802437d9,incremental3,ok,ok,5.646603458095342,5.908336916938424,1.046352371082096,1327.203125,1115.40625,True,,
catalog,core/total-mappings/n240,core/total-mappings,core,default,240,3ecd45629f3cf3b990b0affa6fd256deb7c66647d4e79992ee3c9f9816de84c1,fastv2,ok,ok,0.4398941248655319,0.4458769999910146,1.0136007161434846,59.1875,59.484375,True,,
catalog,core/total-mappings/n240,core/total-mappings,core,default,240,3ecd45629f3cf3b990b0affa6fd256deb7c66647d4e79992ee3c9f9816de84c1,incremental3,timeout,timeout,,,,1670.046875,1454.625,,exceeded 30.0s wall time,exceeded 30.0s wall time
catalog,unary/4-coloured-C1/exact/n20,unary-cardinality/4-coloured-C1,unary-cardinality,exact,20,c5aaddcf123c7e3a0f4bec803e3a67884566997e025e190253b7f403f308c219,fastv2,ok,ok,0.1349453330039978,0.1559183751232922,1.1554188029509185,50.8125,52.0,True,,
catalog,unary/4-coloured-C1/exact/n20,unary-cardinality/4-coloured-C1,unary-cardinality,exact,20,c5aaddcf123c7e3a0f4bec803e3a67884566997e025e190253b7f403f308c219,incremental3,ok,ok,0.16220654197968543,0.19105162494815886,1.177829344096898,50.296875,51.71875,True,,
catalog,unary/4-coloured-C1/exact/n30,unary-cardinality/4-coloured-C1,unary-cardinality,exact,30,2c6fb4a699916f26ca8a0d7f9dacff1370290e73f6e801885ef3a78a4fd95126,fastv2,ok,ok,0.07401575008407235,0.10664341598749161,1.4408205803002527,52.609375,53.703125,True,,
catalog,unary/4-coloured-C1/exact/n30,unary-cardinality/4-coloured-C1,unary-cardinality,exact,30,2c6fb4a699916f26ca8a0d7f9dacff1370290e73f6e801885ef3a78a4fd95126,incremental3,ok,ok,0.5111222078558058,0.5497890000697225,1.0756507770932646,75.484375,76.28125,True,,
catalog,unary/4-coloured-C1/exact/n40,unary-cardinality/4-coloured-C1,unary-cardinality,exact,40,a50601fc22e1dadc003e5b3f336d114d3417ccea68a4a5100c09ddb9d590b8da,fastv2,ok,ok,0.08500858303159475,0.09636950003914535,1.1336443521629826,52.625,53.1875,True,,
catalog,unary/4-coloured-C1/exact/n40,unary-cardinality/4-coloured-C1,unary-cardinality,exact,40,a50601fc22e1dadc003e5b3f336d114d3417ccea68a4a5100c09ddb9d590b8da,incremental3,ok,ok,1.463156667072326,1.5297731659375131,1.0455293000157544,130.0,130.984375,True,,
catalog,unary-structure/4-coloured-C1/exact/n100,unary-cardinality/4-coloured-C1,unary-cardinality,exact,100,42860d6295314788426410f28837272e8773823fed3b5c3590f9db8d53ae57c5,fastv2,ok,ok,0.25150641589425504,0.2670938749797642,1.061976387481355,53.921875,54.90625,True,,
catalog,unary-structure/4-coloured-C1/exact/n100,unary-cardinality/4-coloured-C1,unary-cardinality,exact,100,42860d6295314788426410f28837272e8773823fed3b5c3590f9db8d53ae57c5,incremental3,timeout,timeout,,,,1238.8125,1037.5,,exceeded 30.0s wall time,exceeded 30.0s wall time
catalog,unary-structure/4-coloured-C1/exact/n200,unary-cardinality/4-coloured-C1,unary-cardinality,exact,200,b632e064f62ece8b31f9383e2476ba360f6911e0b2166b752073de1eb3c2591d,fastv2,skipped-after-resource,skipped-after-resource,,,,,,,a smaller domain in this series hit a resource limit,a smaller domain in this series hit a resource limit
catalog,unary-structure/4-coloured-C1/exact/n200,unary-cardinality/4-coloured-C1,unary-cardinality,exact,200,b632e064f62ece8b31f9383e2476ba360f6911e0b2166b752073de1eb3c2591d,incremental3,skipped-after-resource,skipped-after-resource,,,,,,,a smaller domain in this series hit a resource limit,a smaller domain in this series hit a resource limit
catalog,unary-structure/4-coloured-C1/exact/n300,unary-cardinality/4-coloured-C1,unary-cardinality,exact,300,e03bfdff5d7a38e2b362231d4e18b088d64fd6093babca33600d7f52c6780675,fastv2,skipped-after-resource,skipped-after-resource,,,,,,,a smaller domain in this series hit a resource limit,a smaller domain in this series hit a resource limit
catalog,unary-structure/4-coloured-C1/exact/n300,unary-cardinality/4-coloured-C1,unary-cardinality,exact,300,e03bfdff5d7a38e2b362231d4e18b088d64fd6093babca33600d7f52c6780675,incremental3,skipped-after-resource,skipped-after-resource,,,,,,,a smaller domain in this series hit a resource limit,a smaller domain in this series hit a resource limit
catalog,unary/4-coloured-C1/interval/n20,unary-cardinality/4-coloured-C1,unary-cardinality,interval,20,ebcfc9561b373a1471e8478d5af5913c953bacae57a4e4f5602a8c3c3f6dc5c4,fastv2,ok,ok,0.12079349998384714,0.15316025004722178,1.2679510906439735,51.0,53.359375,True,,
catalog,unary/4-coloured-C1/interval/n20,unary-cardinality/4-coloured-C1,unary-cardinality,interval,20,ebcfc9561b373a1471e8478d5af5913c953bacae57a4e4f5602a8c3c3f6dc5c4,incremental3,ok,ok,0.1652057091705501,0.1814412500243634,1.0982746960460823,50.59375,50.46875,True,,
catalog,unary/4-coloured-C1/interval/n30,unary-cardinality/4-coloured-C1,unary-cardinality,interval,30,3ea1e5c536e12d341a795079b84e14d40f99f2017ae869fb2421b6cd3567a216,fastv2,ok,ok,0.07498100004158914,0.0996597078628838,1.3291328177485804,52.140625,53.34375,True,,
catalog,unary/4-coloured-C1/interval/n30,unary-cardinality/4-coloured-C1,unary-cardinality,interval,30,3ea1e5c536e12d341a795079b84e14d40f99f2017ae869fb2421b6cd3567a216,incremental3,ok,ok,0.5130532919429243,0.6431966670788825,1.253664438333701,76.375,77.484375,True,,
catalog,unary/4-coloured-C1/interval/n40,unary-cardinality/4-coloured-C1,unary-cardinality,interval,40,98986ec884442bccbbea832d1784b3987545ceb7ea177b6fae5dd6377097bdad,fastv2,ok,ok,0.08592591690830886,0.14255166705697775,1.6590066441664388,52.125,52.984375,True,,
catalog,unary/4-coloured-C1/interval/n40,unary-cardinality/4-coloured-C1,unary-cardinality,interval,40,98986ec884442bccbbea832d1784b3987545ceb7ea177b6fae5dd6377097bdad,incremental3,ok,ok,1.4565749999601394,1.7460162499919534,1.1987135918436982,131.453125,113.59375,True,,
catalog,unary-structure/4-coloured-C1/interval/n100,unary-cardinality/4-coloured-C1,unary-cardinality,interval,100,e0ca24625530ba27c05a463d6d6f5c3b5943841730a9512ebd832b6660ae6f43,fastv2,ok,ok,0.24904899997636676,0.26011158409528434,1.0444193075256971,54.09375,54.578125,True,,
catalog,unary-structure/4-coloured-C1/interval/n100,unary-cardinality/4-coloured-C1,unary-cardinality,interval,100,e0ca24625530ba27c05a463d6d6f5c3b5943841730a9512ebd832b6660ae6f43,incremental3,timeout,timeout,,,,1097.5,1132.125,,exceeded 30.0s wall time,exceeded 30.0s wall time
catalog,unary-structure/4-coloured-C1/interval/n200,unary-cardinality/4-coloured-C1,unary-cardinality,interval,200,ee19e5e6f1ea0a353c38f9c5e29fa49ee9ccdcc7c3648ae1c649bf5cf96a28a6,fastv2,skipped-after-resource,skipped-after-resource,,,,,,,a smaller domain in this series hit a resource limit,a smaller domain in this series hit a resource limit
catalog,unary-structure/4-coloured-C1/interval/n200,unary-cardinality/4-coloured-C1,unary-cardinality,interval,200,ee19e5e6f1ea0a353c38f9c5e29fa49ee9ccdcc7c3648ae1c649bf5cf96a28a6,incremental3,skipped-after-resource,skipped-after-resource,,,,,,,a smaller domain in this series hit a resource limit,a smaller domain in this series hit a resource limit
catalog,unary-structure/4-coloured-C1/interval/n300,unary-cardinality/4-coloured-C1,unary-cardinality,interval,300,16e54dff3303923ff983bbce681c9617429fe3500ea6a59139cfb9cdce147302,fastv2,skipped-after-resource,skipped-after-resource,,,,,,,a smaller domain in this series hit a resource limit,a smaller domain in this series hit a resource limit
catalog,unary-structure/4-coloured-C1/interval/n300,unary-cardinality/4-coloured-C1,unary-cardinality,interval,300,16e54dff3303923ff983bbce681c9617429fe3500ea6a59139cfb9cdce147302,incremental3,skipped-after-resource,skipped-after-resource,,,,,,,a smaller domain in this series hit a resource limit,a smaller domain in this series hit a resource limit
catalog,unary/4-coloured-C1/unconstrained/n20,unary-cardinality/4-coloured-C1,unary-cardinality,unconstrained,20,edf1c58ca6a5486c8044d55d813467ade759d5fb3e4ea9afc0693179f1350fb3,fastv2,ok,ok,0.11295020813122392,0.13904216699302197,1.2310040795275454,50.328125,50.75,True,,
catalog,unary/4-coloured-C1/unconstrained/n20,unary-cardinality/4-coloured-C1,unary-cardinality,unconstrained,20,edf1c58ca6a5486c8044d55d813467ade759d5fb3e4ea9afc0693179f1350fb3,incremental3,ok,ok,0.11655870801769197,0.1312696668319404,1.126210723029081,49.21875,48.875,True,,
catalog,unary/4-coloured-C1/unconstrained/n30,unary-cardinality/4-coloured-C1,unary-cardinality,unconstrained,30,8cfd586ac15fb0e6148e6a58934422ba251cfdc7f6a74989ae0ee08593f86280,fastv2,ok,ok,0.06337366695515811,0.06735433405265212,1.0628126363637858,51.734375,51.875,True,,
catalog,unary/4-coloured-C1/unconstrained/n30,unary-cardinality/4-coloured-C1,unary-cardinality,unconstrained,30,8cfd586ac15fb0e6148e6a58934422ba251cfdc7f6a74989ae0ee08593f86280,incremental3,ok,ok,0.3135311659425497,0.33256749995052814,1.0607159226125118,69.59375,70.015625,True,,
catalog,unary/4-coloured-C1/unconstrained/n40,unary-cardinality/4-coloured-C1,unary-cardinality,unconstrained,40,0e5ba8b347c5ed99e88c93d2031d2184939142f6ebb8b75c1e2416c13ed172d1,fastv2,ok,ok,0.06373066687956452,0.07077562483027577,1.110542668006668,51.953125,50.9375,True,,
catalog,unary/4-coloured-C1/unconstrained/n40,unary-cardinality/4-coloured-C1,unary-cardinality,unconstrained,40,0e5ba8b347c5ed99e88c93d2031d2184939142f6ebb8b75c1e2416c13ed172d1,incremental3,ok,ok,0.8759732919279486,0.9033742498140782,1.0312805859934637,112.15625,112.171875,True,,
catalog,unary/no-isolated-digraph-S/exact/n20,unary-cardinality/no-isolated-digraph-S,unary-cardinality,exact,20,3e3ab3c70238acaa3f70b9a965c676340590b1a65b869bf4f405f5ee7f19c981,fastv2,ok,ok,0.05935512506403029,0.06689662509597838,1.1270572679918134,51.890625,51.171875,True,,
catalog,unary/no-isolated-digraph-S/exact/n20,unary-cardinality/no-isolated-digraph-S,unary-cardinality,exact,20,3e3ab3c70238acaa3f70b9a965c676340590b1a65b869bf4f405f5ee7f19c981,incremental3,ok,ok,0.03478191699832678,0.04130108398385346,1.1874297781183336,45.3125,45.421875,True,,
catalog,unary/no-isolated-digraph-S/exact/n30,unary-cardinality/no-isolated-digraph-S,unary-cardinality,exact,30,44f33eea26be8fb52f23778868ab49b08e98d7d7e0c74040908fdb54a4375161,fastv2,ok,ok,0.058822458842769265,0.06617137510329485,1.1249338501841453,51.71875,51.96875,True,,
catalog,unary/no-isolated-digraph-S/exact/n30,unary-cardinality/no-isolated-digraph-S,unary-cardinality,exact,30,44f33eea26be8fb52f23778868ab49b08e98d7d7e0c74040908fdb54a4375161,incremental3,ok,ok,0.03531849989667535,0.03967412514612079,1.123324185970182,45.203125,45.0,True,,
catalog,unary/no-isolated-digraph-S/exact/n40,unary-cardinality/no-isolated-digraph-S,unary-cardinality,exact,40,8b6d2ac2f931a066e0ee80e2412313bdec104055fc3ba5a18851e850694c122c,fastv2,ok,ok,0.05924737500026822,0.06555016594938934,1.1063809316293352,47.484375,52.28125,True,,
catalog,unary/no-isolated-digraph-S/exact/n40,unary-cardinality/no-isolated-digraph-S,unary-cardinality,exact,40,8b6d2ac2f931a066e0ee80e2412313bdec104055fc3ba5a18851e850694c122c,incremental3,ok,ok,0.03512058290652931,0.04091595904901624,1.1650136661430384,44.75,45.921875,True,,
catalog,unary/no-isolated-digraph-S/interval/n20,unary-cardinality/no-isolated-digraph-S,unary-cardinality,interval,20,029ce9d6178fdbf8619e3d5f1a909695da31e1439d52be00e425b30824fa9c3b,fastv2,ok,ok,0.06052312487736344,0.15855245804414153,2.619700459376686,51.6875,53.640625,True,,
catalog,unary/no-isolated-digraph-S/interval/n20,unary-cardinality/no-isolated-digraph-S,unary-cardinality,interval,20,029ce9d6178fdbf8619e3d5f1a909695da31e1439d52be00e425b30824fa9c3b,incremental3,ok,ok,0.03548437496647239,0.04188175010494888,1.180287102267437,44.984375,45.6875,True,,
catalog,unary/no-isolated-digraph-S/interval/n30,unary-cardinality/no-isolated-digraph-S,unary-cardinality,interval,30,ed4ac239a4dd74e51fb2d1a25e8a3ffd66d334e60627f5d074826aa31e4828bf,fastv2,ok,ok,0.06079024984501302,0.06753925001248717,1.1110210960586768,52.125,49.328125,True,,
catalog,unary/no-isolated-digraph-S/interval/n30,unary-cardinality/no-isolated-digraph-S,unary-cardinality,interval,30,ed4ac239a4dd74e51fb2d1a25e8a3ffd66d334e60627f5d074826aa31e4828bf,incremental3,ok,ok,0.035390791948884726,0.04056166694499552,1.1461079199238928,43.40625,44.84375,True,,
catalog,unary/no-isolated-digraph-S/interval/n40,unary-cardinality/no-isolated-digraph-S,unary-cardinality,interval,40,3e373461fec2f13e73037e2c37ca9112a1d8462feea6f774817ef78fa2147c13,fastv2,ok,ok,0.06057029101066291,0.0696425000205636,1.149779848478912,52.0625,50.15625,True,,
catalog,unary/no-isolated-digraph-S/interval/n40,unary-cardinality/no-isolated-digraph-S,unary-cardinality,interval,40,3e373461fec2f13e73037e2c37ca9112a1d8462feea6f774817ef78fa2147c13,incremental3,ok,ok,0.035462040919810534,0.04985445900820196,1.4058541955026405,44.421875,43.71875,True,,
catalog,unary/no-isolated-digraph-S/unconstrained/n20,unary-cardinality/no-isolated-digraph-S,unary-cardinality,unconstrained,20,17f9a12d92ad612c533c298fa242b4e6de581b96baebf1007f80755ffa0668c8,fastv2,ok,ok,0.05938624986447394,0.06716245808638632,1.1309429074854627,51.46875,51.59375,True,,
catalog,unary/no-isolated-digraph-S/unconstrained/n20,unary-cardinality/no-isolated-digraph-S,unary-cardinality,unconstrained,20,17f9a12d92ad612c533c298fa242b4e6de581b96baebf1007f80755ffa0668c8,incremental3,ok,ok,0.035381624940782785,0.040532125160098076,1.1455699173776088,43.171875,45.03125,True,,
catalog,unary/no-isolated-digraph-S/unconstrained/n30,unary-cardinality/no-isolated-digraph-S,unary-cardinality,unconstrained,30,63c7648fa21556f118f8991c26763f354ecaeec7ab7cf4f40d0598bf81e31f05,fastv2,ok,ok,0.05975695815868676,0.0648684580810368,1.0855381545489025,51.265625,51.078125,True,,
catalog,unary/no-isolated-digraph-S/unconstrained/n30,unary-cardinality/no-isolated-digraph-S,unary-cardinality,unconstrained,30,63c7648fa21556f118f8991c26763f354ecaeec7ab7cf4f40d0598bf81e31f05,incremental3,ok,ok,0.054061041912063956,0.03990491712465882,0.7381455427656837,44.3125,44.75,True,,
catalog,unary/no-isolated-digraph-S/unconstrained/n40,unary-cardinality/no-isolated-digraph-S,unary-cardinality,unconstrained,40,a463135a4ed0317af5be5e8c1f0d44d9f57e627f4f95d14afa0b3af1dcfe72bc,fastv2,ok,ok,0.05970170791260898,0.06851004203781486,1.1475390643446828,51.296875,52.4375,True,,
catalog,unary/no-isolated-digraph-S/unconstrained/n40,unary-cardinality/no-isolated-digraph-S,unary-cardinality,unconstrained,40,a463135a4ed0317af5be5e8c1f0d44d9f57e627f4f95d14afa0b3af1dcfe72bc,incremental3,ok,ok,0.034377082949504256,0.04495429201051593,1.3076819832720625,44.6875,41.59375,True,,
catalog,unary/row-column-Sx/exact/n20,unary-cardinality/row-column-Sx,unary-cardinality,exact,20,0d89a32e432030e742479ce756132cc1a5f5345d2af838c4a279029640e7ee33,fastv2,ok,ok,0.07066270895302296,0.08492020796984434,1.2017683616729138,51.90625,52.90625,True,,
catalog,unary/row-column-Sx/exact/n20,unary-cardinality/row-column-Sx,unary-cardinality,exact,20,0d89a32e432030e742479ce756132cc1a5f5345d2af838c4a279029640e7ee33,incremental3,ok,ok,0.7373419171199203,0.8060299169737846,1.093156238997183,79.234375,79.671875,True,,
catalog,unary/row-column-Sx/exact/n30,unary-cardinality/row-column-Sx,unary-cardinality,exact,30,627610c836c06a8bd24088a75da299a9388f01e009d91aeffc79d27921128f08,fastv2,ok,ok,0.09094229200854897,0.1093661249615252,1.2025881748311809,52.125,53.125,True,,
catalog,unary/row-column-Sx/exact/n30,unary-cardinality/row-column-Sx,unary-cardinality,exact,30,627610c836c06a8bd24088a75da299a9388f01e009d91aeffc79d27921128f08,incremental3,ok,ok,4.373436541063711,4.8897698749788105,1.1180612383573116,240.90625,211.40625,True,,
catalog,unary/row-column-Sx/exact/n40,unary-cardinality/row-column-Sx,unary-cardinality,exact,40,e11f0d419c91a742a68467b1d691e9323dabc515a97208a0195de4b387518035,fastv2,ok,ok,0.12016008305363357,0.12813987489789724,1.0664096731749253,52.3125,53.421875,True,,
catalog,unary/row-column-Sx/exact/n40,unary-cardinality/row-column-Sx,unary-cardinality,exact,40,e11f0d419c91a742a68467b1d691e9323dabc515a97208a0195de4b387518035,incremental3,ok,ok,17.46877979207784,17.15407554199919,0.9819847605943623,596.625,713.609375,True,,
catalog,unary-structure/row-column-Sx/exact/n100,unary-cardinality/row-column-Sx,unary-cardinality,exact,100,a2ef502904fe9edfb525181f7cbf70dadd04016e0a6bf65b9fdadba795b29662,fastv2,ok,ok,0.547055791830644,0.8466639581602067,1.5476738767849743,54.375,55.125,True,,
catalog,unary-structure/row-column-Sx/exact/n100,unary-cardinality/row-column-Sx,unary-cardinality,exact,100,a2ef502904fe9edfb525181f7cbf70dadd04016e0a6bf65b9fdadba795b29662,incremental3,timeout,timeout,,,,2061.828125,1991.890625,,exceeded 30.0s wall time,exceeded 30.0s wall time
catalog,unary-structure/row-column-Sx/exact/n200,unary-cardinality/row-column-Sx,unary-cardinality,exact,200,4def40dfb44021e5b91bc1b2472b5bb68750999dabc7170b2b4336a5b71717a6,fastv2,skipped-after-resource,skipped-after-resource,,,,,,,a smaller domain in this series hit a resource limit,a smaller domain in this series hit a resource limit
catalog,unary-structure/row-column-Sx/exact/n200,unary-cardinality/row-column-Sx,unary-cardinality,exact,200,4def40dfb44021e5b91bc1b2472b5bb68750999dabc7170b2b4336a5b71717a6,incremental3,skipped-after-resource,skipped-after-resource,,,,,,,a smaller domain in this series hit a resource limit,a smaller domain in this series hit a resource limit
catalog,unary-structure/row-column-Sx/exact/n300,unary-cardinality/row-column-Sx,unary-cardinality,exact,300,92cc33a4ce3cddb43183f4c6508b6497f74680e3d3bb13276ee71a25455b8bee,fastv2,skipped-after-resource,skipped-after-resource,,,,,,,a smaller domain in this series hit a resource limit,a smaller domain in this series hit a resource limit
catalog,unary-structure/row-column-Sx/exact/n300,unary-cardinality/row-column-Sx,unary-cardinality,exact,300,92cc33a4ce3cddb43183f4c6508b6497f74680e3d3bb13276ee71a25455b8bee,incremental3,skipped-after-resource,skipped-after-resource,,,,,,,a smaller domain in this series hit a resource limit,a smaller domain in this series hit a resource limit
catalog,unary/row-column-Sx/interval/n20,unary-cardinality/row-column-Sx,unary-cardinality,interval,20,93dc8438b3a82b551d354be6125bb8379bdf76b9243711cc7892d717b483194c,fastv2,ok,ok,0.12116587511263788,0.13575029210187495,1.1203673639601839,52.5625,51.421875,True,,
catalog,unary/row-column-Sx/interval/n20,unary-cardinality/row-column-Sx,unary-cardinality,interval,20,93dc8438b3a82b551d354be6125bb8379bdf76b9243711cc7892d717b483194c,incremental3,ok,ok,0.7599352919496596,0.8417693751398474,1.1076855938355457,79.6875,80.34375,True,,
catalog,unary/row-column-Sx/interval/n30,unary-cardinality/row-column-Sx,unary-cardinality,interval,30,c478486a71c40273713fcca863d7379148412169e09da5aed297e0b72e0ebc0c,fastv2,ok,ok,0.08882962493225932,0.10575775010511279,1.1905684639078766,52.234375,52.9375,True,,
catalog,unary/row-column-Sx/interval/n30,unary-cardinality/row-column-Sx,unary-cardinality,interval,30,c478486a71c40273713fcca863d7379148412169e09da5aed297e0b72e0ebc0c,incremental3,ok,ok,4.474048624979332,4.584440625039861,1.0246738489707492,242.84375,243.4375,True,,
catalog,unary/row-column-Sx/interval/n40,unary-cardinality/row-column-Sx,unary-cardinality,interval,40,946fa9e3bf8c7551f6a2707a180c267e152148c13841cdf3333ef1d3da7c7f0a,fastv2,ok,ok,0.118207291001454,0.11872666701674461,1.0043937730988541,52.84375,53.171875,True,,
catalog,unary/row-column-Sx/interval/n40,unary-cardinality/row-column-Sx,unary-cardinality,interval,40,946fa9e3bf8c7551f6a2707a180c267e152148c13841cdf3333ef1d3da7c7f0a,incremental3,ok,ok,16.754802042152733,17.122986749978736,1.0219748766293808,802.46875,817.640625,True,,
catalog,unary-structure/row-column-Sx/interval/n100,unary-cardinality/row-column-Sx,unary-cardinality,interval,100,31f65a659b4cfcc98dfdd2b06928cc51df80643c432791dcd0df6d734064dddc,fastv2,ok,ok,0.4984576660208404,0.8047893331386149,1.61455904482963,53.890625,55.375,True,,
catalog,unary-structure/row-column-Sx/interval/n100,unary-cardinality/row-column-Sx,unary-cardinality,interval,100,31f65a659b4cfcc98dfdd2b06928cc51df80643c432791dcd0df6d734064dddc,incremental3,timeout,timeout,,,,2034.9375,2092.890625,,exceeded 30.0s wall time,exceeded 30.0s wall time
catalog,unary-structure/row-column-Sx/interval/n200,unary-cardinality/row-column-Sx,unary-cardinality,interval,200,3cdf3a6638079eae40119f2942ee19e5bb17d9c150cd4b38bc67ec771e01643d,fastv2,skipped-after-resource,skipped-after-resource,,,,,,,a smaller domain in this series hit a resource limit,a smaller domain in this series hit a resource limit
catalog,unary-structure/row-column-Sx/interval/n200,unary-cardinality/row-column-Sx,unary-cardinality,interval,200,3cdf3a6638079eae40119f2942ee19e5bb17d9c150cd4b38bc67ec771e01643d,incremental3,skipped-after-resource,skipped-after-resource,,,,,,,a smaller domain in this series hit a resource limit,a smaller domain in this series hit a resource limit
catalog,unary-structure/row-column-Sx/interval/n300,unary-cardinality/row-column-Sx,unary-cardinality,interval,300,82d90c33eeb1eb71894e891f588286642a3b0fef77a30d042686062ae86b3973,fastv2,skipped-after-resource,skipped-after-resource,,,,,,,a smaller domain in this series hit a resource limit,a smaller domain in this series hit a resource limit
catalog,unary-structure/row-column-Sx/interval/n300,unary-cardinality/row-column-Sx,unary-cardinality,interval,300,82d90c33eeb1eb71894e891f588286642a3b0fef77a30d042686062ae86b3973,incremental3,skipped-after-resource,skipped-after-resource,,,,,,,a smaller domain in this series hit a resource limit,a smaller domain in this series hit a resource limit
catalog,unary/row-column-Sx/unconstrained/n20,unary-cardinality/row-column-Sx,unary-cardinality,unconstrained,20,24ff748b69bc94d4c61854d2b84ea25844aa28d7193d35d9df282da84e4b6446,fastv2,ok,ok,0.12432174989953637,0.14392529195174575,1.1576839295461243,51.5,50.6875,True,,
catalog,unary/row-column-Sx/unconstrained/n20,unary-cardinality/row-column-Sx,unary-cardinality,unconstrained,20,24ff748b69bc94d4c61854d2b84ea25844aa28d7193d35d9df282da84e4b6446,incremental3,ok,ok,0.4197482920717448,0.45857191691175103,1.0924926332597689,72.515625,72.1875,True,,
catalog,unary/row-column-Sx/unconstrained/n30,unary-cardinality/row-column-Sx,unary-cardinality,unconstrained,30,161019fe8d391add7e441f98b0ea34a0a6d0d0f2d0351c7c51e5535376d4f183,fastv2,ok,ok,0.07207520818337798,0.07446520798839629,1.0331598043940091,49.75,50.796875,True,,
catalog,unary/row-column-Sx/unconstrained/n30,unary-cardinality/row-column-Sx,unary-cardinality,unconstrained,30,161019fe8d391add7e441f98b0ea34a0a6d0d0f2d0351c7c51e5535376d4f183,incremental3,ok,ok,2.3749723751097918,2.804075417108834,1.18067706660344,203.203125,202.609375,True,,
catalog,unary/row-column-Sx/unconstrained/n40,unary-cardinality/row-column-Sx,unary-cardinality,unconstrained,40,a14797215606893fe6697b4534d3768da991b4df7fa3465f57f686ef31849a96,fastv2,ok,ok,0.07169912499375641,0.07223020819947124,1.0074071086050362,51.9375,50.421875,True,,
catalog,unary/row-column-Sx/unconstrained/n40,unary-cardinality/row-column-Sx,unary-cardinality,unconstrained,40,a14797215606893fe6697b4534d3768da991b4df7fa3465f57f686ef31849a96,incremental3,ok,ok,9.394783166004345,10.157230084063485,1.0811564146385098,672.9375,563.875,True,,
catalog,unary/total-mappings-S/exact/n20,unary-cardinality/total-mappings-S,unary-cardinality,exact,20,b48a40ef5aa4244bb0ca8aa5ff3ef7844761c609d5a0b38463fa77f7d7f45775,fastv2,ok,ok,0.06631804211065173,0.11967004113830626,1.8044869439697369,52.234375,53.40625,True,,
catalog,unary/total-mappings-S/exact/n20,unary-cardinality/total-mappings-S,unary-cardinality,exact,20,b48a40ef5aa4244bb0ca8aa5ff3ef7844761c609d5a0b38463fa77f7d7f45775,incremental3,ok,ok,0.05120308301411569,0.08274104190059006,1.6159386706808254,44.953125,47.25,True,,
catalog,unary/total-mappings-S/exact/n30,unary-cardinality/total-mappings-S,unary-cardinality,exact,30,63f2a9c050c8d0e51c28bf32d9d3b5617c3bd3eeafe8cf53bb27f492a61a5676,fastv2,ok,ok,0.07144491700455546,0.07569395797327161,1.0594729638841238,52.0,52.484375,True,,
catalog,unary/total-mappings-S/exact/n30,unary-cardinality/total-mappings-S,unary-cardinality,exact,30,63f2a9c050c8d0e51c28bf32d9d3b5617c3bd3eeafe8cf53bb27f492a61a5676,incremental3,ok,ok,0.09524141694419086,0.22901420900598168,2.4045653283400688,47.78125,49.3125,True,,
catalog,unary/total-mappings-S/exact/n40,unary-cardinality/total-mappings-S,unary-cardinality,exact,40,b0f8544fcdc7a82fab7de0571e7f472f21c5b271811c8e12767884b8ce462027,fastv2,ok,ok,0.08408608287572861,0.08943308400921524,1.0635896090128136,52.546875,52.828125,True,,
catalog,unary/total-mappings-S/exact/n40,unary-cardinality/total-mappings-S,unary-cardinality,exact,40,b0f8544fcdc7a82fab7de0571e7f472f21c5b271811c8e12767884b8ce462027,incremental3,ok,ok,0.14638791605830193,0.18694154196418822,1.277028507528825,51.234375,53.859375,True,,
catalog,unary-structure/total-mappings-S/exact/n100,unary-cardinality/total-mappings-S,unary-cardinality,exact,100,2da501270d189462a523e45add25981e1f3745c917e3c7ee8d1fa3424b7b9d6e,fastv2,ok,ok,0.2235991668421775,0.23236841708421707,1.0392186176982903,52.984375,53.578125,True,,
catalog,unary-structure/total-mappings-S/exact/n100,unary-cardinality/total-mappings-S,unary-cardinality,exact,100,2da501270d189462a523e45add25981e1f3745c917e3c7ee8d1fa3424b7b9d6e,incremental3,ok,ok,1.8033775829244405,1.7999452908989042,0.9980967424359516,237.46875,238.671875,True,,
catalog,unary-structure/total-mappings-S/exact/n200,unary-cardinality/total-mappings-S,unary-cardinality,exact,200,6074929227614a3a036ac7cfdf79a0b4dce7afcf255924419486487f1ff25809,fastv2,ok,ok,0.9954842498991638,0.9735389589332044,0.9779551600457944,56.734375,56.921875,True,,
catalog,unary-structure/total-mappings-S/exact/n200,unary-cardinality/total-mappings-S,unary-cardinality,exact,200,6074929227614a3a036ac7cfdf79a0b4dce7afcf255924419486487f1ff25809,incremental3,ok,ok,15.844148832838982,14.782801916822791,0.9330133207398041,1590.203125,1616.453125,True,,
catalog,unary-structure/total-mappings-S/exact/n300,unary-cardinality/total-mappings-S,unary-cardinality,exact,300,73b652b6caaa86323e09d368165675fc678e985d34f5838447bd9bc506d825f7,fastv2,ok,ok,3.0556404581293464,2.976112416945398,0.973973364250899,66.796875,67.046875,True,,
catalog,unary-structure/total-mappings-S/exact/n300,unary-cardinality/total-mappings-S,unary-cardinality,exact,300,73b652b6caaa86323e09d368165675fc678e985d34f5838447bd9bc506d825f7,incremental3,timeout,timeout,,,,1672.1875,1738.90625,,exceeded 30.0s wall time,exceeded 30.0s wall time
catalog,unary/total-mappings-S/interval/n20,unary-cardinality/total-mappings-S,unary-cardinality,interval,20,034dc614036c9678232e537f4d77c30fda46c73fc785406c9e7b5603f66cc5bd,fastv2,ok,ok,0.11889737495221198,0.11907154112122953,1.0014648445273713,52.21875,52.96875,True,,
catalog,unary/total-mappings-S/interval/n20,unary-cardinality/total-mappings-S,unary-cardinality,interval,20,034dc614036c9678232e537f4d77c30fda46c73fc785406c9e7b5603f66cc5bd,incremental3,ok,ok,0.06722962507046759,0.0734470000024885,1.0924796906944532,45.9375,46.390625,True,,
catalog,unary/total-mappings-S/interval/n30,unary-cardinality/total-mappings-S,unary-cardinality,interval,30,b8b8f9e7f5bb606bf545f00c3b737b38a74495ac74a7bb35d3d7d86864bc2c23,fastv2,ok,ok,0.08111929101869464,0.078147083055228,0.9633600352500409,52.03125,53.09375,True,,
catalog,unary/total-mappings-S/interval/n30,unary-cardinality/total-mappings-S,unary-cardinality,interval,30,b8b8f9e7f5bb606bf545f00c3b737b38a74495ac74a7bb35d3d7d86864bc2c23,incremental3,ok,ok,0.08710379083640873,0.09518491593189538,1.0927758139787964,47.4375,48.09375,True,,
catalog,unary/total-mappings-S/interval/n40,unary-cardinality/total-mappings-S,unary-cardinality,interval,40,c5718b2856efe78d5e6e76fa508f6dd986b7afe5a314829164fd58667fadc6a9,fastv2,ok,ok,0.08016287512145936,0.09385420894250274,1.1707939467028703,52.21875,52.984375,True,,
catalog,unary/total-mappings-S/interval/n40,unary-cardinality/total-mappings-S,unary-cardinality,interval,40,c5718b2856efe78d5e6e76fa508f6dd986b7afe5a314829164fd58667fadc6a9,incremental3,ok,ok,0.14704974996857345,0.16737004090100527,1.1381865044773931,52.25,53.265625,True,,
catalog,unary-structure/total-mappings-S/interval/n100,unary-cardinality/total-mappings-S,unary-cardinality,interval,100,fe9ae95278ea2a7f33b08d2034e0acc16b35ef6727d3a9e656bd65312b8f8eb4,fastv2,ok,ok,0.22979604196734726,0.2528092081192881,1.1001460510586638,52.953125,53.8125,True,,
catalog,unary-structure/total-mappings-S/interval/n100,unary-cardinality/total-mappings-S,unary-cardinality,interval,100,fe9ae95278ea2a7f33b08d2034e0acc16b35ef6727d3a9e656bd65312b8f8eb4,incremental3,ok,ok,1.838759290985763,1.8486470838543028,1.0053774264619697,238.90625,239.890625,True,,
catalog,unary-structure/total-mappings-S/interval/n200,unary-cardinality/total-mappings-S,unary-cardinality,interval,200,5fd8b9dd1c1c5152757813cd47adb52311248335aa8be46f1ee982e2441e67ef,fastv2,ok,ok,1.0420876250136644,1.1064442091155797,1.061757363351351,57.890625,57.875,True,,
catalog,unary-structure/total-mappings-S/interval/n200,unary-cardinality/total-mappings-S,unary-cardinality,interval,200,5fd8b9dd1c1c5152757813cd47adb52311248335aa8be46f1ee982e2441e67ef,incremental3,ok,ok,15.413484917022288,14.694577374961227,0.9533585333925934,1443.046875,1484.046875,True,,
catalog,unary-structure/total-mappings-S/interval/n300,unary-cardinality/total-mappings-S,unary-cardinality,interval,300,80f393b6018d15e59f90added9f39c97f7632a16303a8cd19f42b77158a5acfe,fastv2,ok,ok,3.3244730830192566,3.514009000035003,1.0570123181276028,68.484375,70.421875,True,,
catalog,unary-structure/total-mappings-S/interval/n300,unary-cardinality/total-mappings-S,unary-cardinality,interval,300,80f393b6018d15e59f90added9f39c97f7632a16303a8cd19f42b77158a5acfe,incremental3,timeout,timeout,,,,1573.03125,1832.96875,,exceeded 30.0s wall time,exceeded 30.0s wall time
catalog,unary/total-mappings-S/unconstrained/n20,unary-cardinality/total-mappings-S,unary-cardinality,unconstrained,20,0373e02560b8870a9bbe854e836b29c3b5dd4c5bc7cbf04fbfcd9b85cdb783d2,fastv2,ok,ok,0.13417587499134243,0.12379479198716581,0.9226307784104524,50.5,52.15625,True,,
catalog,unary/total-mappings-S/unconstrained/n20,unary-cardinality/total-mappings-S,unary-cardinality,unconstrained,20,0373e02560b8870a9bbe854e836b29c3b5dd4c5bc7cbf04fbfcd9b85cdb783d2,incremental3,ok,ok,0.060820958111435175,0.06562920799478889,1.0790558062986135,45.78125,45.8125,True,,
catalog,unary/total-mappings-S/unconstrained/n30,unary-cardinality/total-mappings-S,unary-cardinality,unconstrained,30,c7b14d45f68917f9f1757c12e9c956d593d49cd97a0aeb7c870b479207338792,fastv2,ok,ok,0.06286066584289074,0.0732455828692764,1.1652053297103304,50.9375,52.40625,True,,
catalog,unary/total-mappings-S/unconstrained/n30,unary-cardinality/total-mappings-S,unary-cardinality,unconstrained,30,c7b14d45f68917f9f1757c12e9c956d593d49cd97a0aeb7c870b479207338792,incremental3,ok,ok,0.06937162484973669,0.08036458306014538,1.1584647647250605,46.75,47.015625,True,,
catalog,unary/total-mappings-S/unconstrained/n40,unary-cardinality/total-mappings-S,unary-cardinality,unconstrained,40,9f46d48dd0ebac2f18ec967fbb86fb9064ba0323be29968b837ed8076c6eb4e2,fastv2,ok,ok,0.07041212497279048,0.08111429191194475,1.1519932389952714,50.296875,53.0,True,,
catalog,unary/total-mappings-S/unconstrained/n40,unary-cardinality/total-mappings-S,unary-cardinality,unconstrained,40,9f46d48dd0ebac2f18ec967fbb86fb9064ba0323be29968b837ed8076c6eb4e2,incremental3,ok,ok,0.10522945784032345,0.11566995782777667,1.0992165140990822,49.890625,51.578125,True,,
model,models/2-colored-graph.wfomcs/n2,models/2-colored-graph.wfomcs,model,default,2,f7e0f8efd9d1bab587f095d915e957913e374c77cb995784f73bf620854536cf,fastv2,ok,ok,0.06425737496465445,0.10003758314996958,1.5568264841972843,50.078125,49.984375,True,,
model,models/2-colored-graph.wfomcs/n2,models/2-colored-graph.wfomcs,model,default,2,f7e0f8efd9d1bab587f095d915e957913e374c77cb995784f73bf620854536cf,incremental3,ok,ok,0.036067250184714794,0.04275516699999571,1.1854290743272475,42.125,43.0,True,,
model,models/2-colored-graph.wfomcs/n4,models/2-colored-graph.wfomcs,model,default,4,2edb6a328c203e10951c5353368c538ee66874622aef9380887b5e9627972866,fastv2,ok,ok,0.060820250073447824,0.12668216601014137,2.082894527022781,49.359375,52.6875,True,,
model,models/2-colored-graph.wfomcs/n4,models/2-colored-graph.wfomcs,model,default,4,2edb6a328c203e10951c5353368c538ee66874622aef9380887b5e9627972866,incremental3,ok,ok,0.035053374944254756,0.06620108406059444,1.8885794639139244,44.15625,44.65625,True,,
model,models/2-colored-graph.wfomcs/n8,models/2-colored-graph.wfomcs,model,default,8,b825284f500e696c2fc021490b0658dd394b086d3d432dd9a90d666d4850ddfb,fastv2,ok,ok,0.06062029115855694,0.07384533295407891,1.2181619642988992,51.609375,51.921875,True,,
model,models/2-colored-graph.wfomcs/n8,models/2-colored-graph.wfomcs,model,default,8,b825284f500e696c2fc021490b0658dd394b086d3d432dd9a90d666d4850ddfb,incremental3,ok,ok,0.03523550019599497,0.045978792011737823,1.3048996539281137,44.953125,42.6875,True,,
model,models/2-colored-graph.wfomcs/n16,models/2-colored-graph.wfomcs,model,default,16,d07336bdf39a51f38ee702e9581e6565486d6d63fb78132d37287c2f479aa895,fastv2,ok,ok,0.07875570887699723,0.07136175013147295,0.9061152664237666,52.984375,50.84375,True,,
model,models/2-colored-graph.wfomcs/n16,models/2-colored-graph.wfomcs,model,default,16,d07336bdf39a51f38ee702e9581e6565486d6d63fb78132d37287c2f479aa895,incremental3,ok,ok,0.053798249922692776,0.04270454100333154,0.7937905241285225,44.828125,43.671875,True,,
model,models/2-colored-graph.wfomcs/n32,models/2-colored-graph.wfomcs,model,default,32,e9d83b82e77c90d09d95c0b1f9b5695fb82d848a32c03b2ed70a0f7691ec61a1,fastv2,ok,ok,0.06469470891170204,0.06759329116903245,1.0448040080261667,50.46875,52.3125,True,,
model,models/2-colored-graph.wfomcs/n32,models/2-colored-graph.wfomcs,model,default,32,e9d83b82e77c90d09d95c0b1f9b5695fb82d848a32c03b2ed70a0f7691ec61a1,incremental3,ok,ok,0.0510799998883158,0.04487745906226337,0.878572027415544,46.3125,42.734375,True,,
model,models/2-colored-graph.wfomcs/n64,models/2-colored-graph.wfomcs,model,default,64,1485b7bb5d142129f7af7eb0fed5549e5f41ae9be83fbd40c119d37ab4e3423c,fastv2,ok,ok,0.12162512494251132,0.0871372080873698,0.716440851580272,52.625,52.90625,True,,
model,models/2-colored-graph.wfomcs/n64,models/2-colored-graph.wfomcs,model,default,64,1485b7bb5d142129f7af7eb0fed5549e5f41ae9be83fbd40c119d37ab4e3423c,incremental3,ok,ok,0.05283683305606246,0.05707895802333951,1.0802872678378725,46.578125,45.546875,True,,
model,models/3-colored-graph.wfomcs/n2,models/3-colored-graph.wfomcs,model,default,2,cf2f08cc1d78d9967c8e6ab8c11b2739a061adff9efdb88156d32773bcb2869c,fastv2,ok,ok,0.06413508392870426,0.07194350007921457,1.121749527281987,49.03125,51.875,True,,
model,models/3-colored-graph.wfomcs/n2,models/3-colored-graph.wfomcs,model,default,2,cf2f08cc1d78d9967c8e6ab8c11b2739a061adff9efdb88156d32773bcb2869c,incremental3,ok,ok,0.03683545789681375,0.0414472499396652,1.1251998022060794,43.390625,44.5,True,,
model,models/3-colored-graph.wfomcs/n4,models/3-colored-graph.wfomcs,model,default,4,f3d4dd26d4de48e23ef62b85ff6cc7c298fdf5a89fbd3d2f9518b9ba9402f101,fastv2,ok,ok,0.06018533301539719,0.06587429204955697,1.0945240102385805,49.234375,49.546875,True,,
model,models/3-colored-graph.wfomcs/n4,models/3-colored-graph.wfomcs,model,default,4,f3d4dd26d4de48e23ef62b85ff6cc7c298fdf5a89fbd3d2f9518b9ba9402f101,incremental3,ok,ok,0.03667254210449755,0.04125862522050738,1.1250549553652947,39.796875,45.703125,True,,
model,models/3-colored-graph.wfomcs/n8,models/3-colored-graph.wfomcs,model,default,8,ff60cd6b4b0c492490a9db47e329ee45fabcea51ff1e2193a7178c16dbf96fa6,fastv2,ok,ok,0.06342458305880427,0.06722879107110202,1.0599800239722612,47.015625,50.828125,True,,
model,models/3-colored-graph.wfomcs/n8,models/3-colored-graph.wfomcs,model,default,8,ff60cd6b4b0c492490a9db47e329ee45fabcea51ff1e2193a7178c16dbf96fa6,incremental3,ok,ok,0.040393083123490214,0.0459587499499321,1.1377876209505093,45.234375,45.6875,True,,
model,models/3-colored-graph.wfomcs/n16,models/3-colored-graph.wfomcs,model,default,16,7efe6e952ca5e2e1e91d26ffa97dadb214b8cae9b55a05351b02488d43ce145e,fastv2,ok,ok,0.06095908395946026,0.0702285838779062,1.1520610107036788,49.671875,51.859375,True,,
model,models/3-colored-graph.wfomcs/n16,models/3-colored-graph.wfomcs,model,default,16,7efe6e952ca5e2e1e91d26ffa97dadb214b8cae9b55a05351b02488d43ce145e,incremental3,ok,ok,0.04087308398447931,0.04784741601906717,1.1706338586350913,44.3125,45.625,True,,
model,models/3-colored-graph.wfomcs/n32,models/3-colored-graph.wfomcs,model,default,32,dbbf0e938da59741fe56c583075f8c21018637526491d9db60d20e7ee4eb7fd8,fastv2,ok,ok,0.06383554195053875,0.0676202920731157,1.0592890732487157,51.796875,48.1875,True,,
model,models/3-colored-graph.wfomcs/n32,models/3-colored-graph.wfomcs,model,default,32,dbbf0e938da59741fe56c583075f8c21018637526491d9db60d20e7ee4eb7fd8,incremental3,ok,ok,0.07767445803619921,0.08208499988541007,1.0567823961791325,47.265625,48.203125,True,,
model,models/3-colored-graph.wfomcs/n64,models/3-colored-graph.wfomcs,model,default,64,32580212ffbb932cccc48c806c54a82ce454c15d54d1e69c2160d3d3d938cf2d,fastv2,ok,ok,0.07119204103946686,0.07362266606651247,1.0341418084319023,51.90625,52.640625,True,,
model,models/3-colored-graph.wfomcs/n64,models/3-colored-graph.wfomcs,model,default,64,32580212ffbb932cccc48c806c54a82ce454c15d54d1e69c2160d3d3d938cf2d,incremental3,ok,ok,0.315425792010501,0.323792708106339,1.0265257829504297,69.53125,70.484375,True,,
model,models/4-colored-graph.wfomcs/n2,models/4-colored-graph.wfomcs,model,default,2,d235aa25a646eec7132f2cb7d8de0ef26e5f4e9f503b8552ec95483048ad4d71,fastv2,ok,ok,0.06222445797175169,0.07115391711704433,1.143504008493676,51.5625,52.5,True,,
model,models/4-colored-graph.wfomcs/n2,models/4-colored-graph.wfomcs,model,default,2,d235aa25a646eec7132f2cb7d8de0ef26e5f4e9f503b8552ec95483048ad4d71,incremental3,ok,ok,0.041245375061407685,0.04891316685825586,1.1859067055501877,45.859375,46.3125,True,,
model,models/4-colored-graph.wfomcs/n4,models/4-colored-graph.wfomcs,model,default,4,d418c8b9e1d3068cb96360756fcfca10622d25a1d24c2b11fe2b864b799e1c01,fastv2,ok,ok,0.061829499900341034,0.06748620793223381,1.091488820724904,51.25,51.9375,True,,
model,models/4-colored-graph.wfomcs/n4,models/4-colored-graph.wfomcs,model,default,4,d418c8b9e1d3068cb96360756fcfca10622d25a1d24c2b11fe2b864b799e1c01,incremental3,ok,ok,0.041837042197585106,0.04570658318698406,1.0924907877360008,45.171875,45.984375,True,,
model,models/4-colored-graph.wfomcs/n8,models/4-colored-graph.wfomcs,model,default,8,c277f0768309575f6e02b1a360ee8dd959d16c3678239fb4f45cc0622193ae12,fastv2,ok,ok,0.06178304203785956,0.06967695918865502,1.1277683469512265,51.25,52.546875,True,,
model,models/4-colored-graph.wfomcs/n8,models/4-colored-graph.wfomcs,model,default,8,c277f0768309575f6e02b1a360ee8dd959d16c3678239fb4f45cc0622193ae12,incremental3,ok,ok,0.04367449996061623,0.05568050011061132,1.2748972549387303,45.984375,46.265625,True,,
model,models/4-colored-graph.wfomcs/n16,models/4-colored-graph.wfomcs,model,default,16,4e92f06b23df03b7372e9b40506ec8cc0e6fdce64b0763a3c84c9738465f862c,fastv2,ok,ok,0.06207504193298519,0.0703695840202272,1.1336212079598207,48.0625,52.125,True,,
model,models/4-colored-graph.wfomcs/n16,models/4-colored-graph.wfomcs,model,default,16,4e92f06b23df03b7372e9b40506ec8cc0e6fdce64b0763a3c84c9738465f862c,incremental3,ok,ok,0.06812033406458795,0.0749133329372853,1.0997205748617822,47.265625,47.34375,True,,
model,models/4-colored-graph.wfomcs/n32,models/4-colored-graph.wfomcs,model,default,32,0b0c93b86dc9180d4afeab1eb89c439b6af01135ef0d8fe15e97ace58e34c99a,fastv2,ok,ok,0.06242466694675386,0.07151195802725852,1.1455721195638227,48.734375,53.109375,True,,
model,models/4-colored-graph.wfomcs/n32,models/4-colored-graph.wfomcs,model,default,32,0b0c93b86dc9180d4afeab1eb89c439b6af01135ef0d8fe15e97ace58e34c99a,incremental3,ok,ok,0.38668508315458894,0.3985711249988526,1.0307382993605467,73.421875,74.65625,True,,
model,models/4-colored-graph.wfomcs/n64,models/4-colored-graph.wfomcs,model,default,64,ebc971cff517f7c8243ea180bcc78dd9d63be399fbeb1eb3c1d30509abc11755,fastv2,ok,ok,0.0660559581592679,0.07712341705337167,1.1675467164887525,52.25,52.390625,True,,
model,models/4-colored-graph.wfomcs/n64,models/4-colored-graph.wfomcs,model,default,64,ebc971cff517f7c8243ea180bcc78dd9d63be399fbeb1eb3c1d30509abc11755,incremental3,ok,ok,6.1263216668739915,6.598921000026166,1.0771424288260272,538.578125,499.78125,True,,
model,models/cardinality_constraints_example.wfomcs/n2,models/cardinality_constraints_example.wfomcs,model,default,2,609f11d1347c40b829b2b42ab92a58a80bf67d9643c6f6b651f6c5faabfa65ed,fastv2,ok,ok,0.06111783301457763,0.06823745789006352,1.116490139200252,51.90625,50.484375,True,,
model,models/cardinality_constraints_example.wfomcs/n2,models/cardinality_constraints_example.wfomcs,model,default,2,609f11d1347c40b829b2b42ab92a58a80bf67d9643c6f6b651f6c5faabfa65ed,incremental3,ok,ok,0.03637987491674721,0.042015874991193414,1.154920820573017,44.765625,45.625,True,,
model,models/cardinality_constraints_example.wfomcs/n4,models/cardinality_constraints_example.wfomcs,model,default,4,b640cef37cfedc2e373bd37bc01d6cd81647a64cd94cb6a145741b734d2aa452,fastv2,ok,ok,0.06104633305221796,0.06868383404798806,1.1251099060976704,52.171875,52.265625,True,,
model,models/cardinality_constraints_example.wfomcs/n4,models/cardinality_constraints_example.wfomcs,model,default,4,b640cef37cfedc2e373bd37bc01d6cd81647a64cd94cb6a145741b734d2aa452,incremental3,ok,ok,0.03582404204644263,0.04107062518596649,1.1464542480360576,45.484375,44.140625,True,,
model,models/cardinality_constraints_example.wfomcs/n8,models/cardinality_constraints_example.wfomcs,model,default,8,5f9e2c15947df6ac166ca6335da53887ae2c2936981994949295ac1db6cb8a1d,fastv2,ok,ok,0.0654811670538038,0.06556804198771715,1.001326716334209,52.578125,52.203125,True,,
model,models/cardinality_constraints_example.wfomcs/n8,models/cardinality_constraints_example.wfomcs,model,default,8,5f9e2c15947df6ac166ca6335da53887ae2c2936981994949295ac1db6cb8a1d,incremental3,ok,ok,0.03770420793443918,0.041651375126093626,1.104687710149431,45.4375,44.96875,True,,
model,models/cardinality_constraints_example.wfomcs/n16,models/cardinality_constraints_example.wfomcs,model,default,16,1692b13361ff7f5e696ced56fdcb8105072438b2d14678ae98658f0f39a7cf0b,fastv2,ok,ok,0.0626844170037657,0.07137074996717274,1.1385724455710455,52.421875,52.453125,True,,
model,models/cardinality_constraints_example.wfomcs/n16,models/cardinality_constraints_example.wfomcs,model,default,16,1692b13361ff7f5e696ced56fdcb8105072438b2d14678ae98658f0f39a7cf0b,incremental3,ok,ok,0.038986084051430225,0.0921787079423666,2.3644002773083073,45.53125,46.703125,True,,
model,models/cardinality_constraints_example.wfomcs/n32,models/cardinality_constraints_example.wfomcs,model,default,32,1ee45687a60441054dee161d2b597cba47973e1658405c1503b3848002180279,fastv2,ok,ok,0.06933479197323322,0.06713404087349772,0.9682590653681473,52.359375,52.265625,True,,
model,models/cardinality_constraints_example.wfomcs/n32,models/cardinality_constraints_example.wfomcs,model,default,32,1ee45687a60441054dee161d2b597cba47973e1658405c1503b3848002180279,incremental3,ok,ok,0.04842195799574256,0.04338183416984975,0.8959124324064724,46.296875,45.65625,True,,
model,models/cardinality_constraints_example.wfomcs/n64,models/cardinality_constraints_example.wfomcs,model,default,64,3699bbe92e0f91f1cf16f8ffa991dcb05e31ffc08b56135f6f7e58b34c956ddb,fastv2,ok,ok,0.07317008404061198,0.06566154188476503,0.8973823488889332,52.3125,52.5625,True,,
model,models/cardinality_constraints_example.wfomcs/n64,models/cardinality_constraints_example.wfomcs,model,default,64,3699bbe92e0f91f1cf16f8ffa991dcb05e31ffc08b56135f6f7e58b34c956ddb,incremental3,ok,ok,0.07511712494306266,0.07707195798866451,1.0260238001265833,46.515625,46.53125,True,,
model,models/deskmate.mln/n2,models/deskmate.mln,model,default,2,ae85a0f14bee9101535265072df55da806d0a527290d2b28eae03c2d9bd62e9f,fastv2,ok,ok,0.07155950018204749,0.07268666592426598,1.0157514479468273,52.625,50.859375,True,,
model,models/deskmate.mln/n2,models/deskmate.mln,model,default,2,ae85a0f14bee9101535265072df55da806d0a527290d2b28eae03c2d9bd62e9f,incremental3,ok,ok,0.035859999945387244,0.04097533295862377,1.1426473235088368,44.765625,44.46875,True,,
model,models/deskmate.mln/n4,models/deskmate.mln,model,default,4,f6e02c82c5c5ccfe8e4cd570b00b6cd11cf28c902dc91ca85494120b9c18f5a9,fastv2,ok,ok,0.07809199998155236,0.06757316715084016,0.8653020433181753,52.375,52.71875,True,,
model,models/deskmate.mln/n4,models/deskmate.mln,model,default,4,f6e02c82c5c5ccfe8e4cd570b00b6cd11cf28c902dc91ca85494120b9c18f5a9,incremental3,ok,ok,0.03709033294580877,0.04056158289313316,1.0935890748782466,42.3125,43.875,True,,
model,models/deskmate.mln/n8,models/deskmate.mln,model,default,8,e5737218f7780929c0b1bda99f56fdbf7b22418bca34a9705bbcadd460961cb3,fastv2,ok,ok,0.07101904205046594,0.07027675001882017,0.9895479858610553,52.453125,50.71875,True,,
model,models/deskmate.mln/n8,models/deskmate.mln,model,default,8,e5737218f7780929c0b1bda99f56fdbf7b22418bca34a9705bbcadd460961cb3,incremental3,ok,ok,0.035527125000953674,0.04525920911692083,1.2739339058734955,45.0,45.421875,True,,
model,models/deskmate.mln/n16,models/deskmate.mln,model,default,16,b50596ce935c20402797675e9eddf3f125be5ddf40cf2edcdec66d74de3db7a0,fastv2,ok,ok,0.08567450009286404,0.09657120797783136,1.127187294622743,52.84375,53.40625,True,,
model,models/deskmate.mln/n16,models/deskmate.mln,model,default,16,b50596ce935c20402797675e9eddf3f125be5ddf40cf2edcdec66d74de3db7a0,incremental3,ok,ok,0.036321541061624885,0.04231766704469919,1.1650845698672583,45.109375,43.78125,True,,
model,models/deskmate.mln/n32,models/deskmate.mln,model,default,32,f444649f967e7f5163fa04e084e64edea04fcb7e4e6e38a18b1f10b00b116489,fastv2,ok,ok,0.4071048330515623,0.1955889160744846,0.4804386983283789,55.796875,55.984375,True,,
model,models/deskmate.mln/n32,models/deskmate.mln,model,default,32,f444649f967e7f5163fa04e084e64edea04fcb7e4e6e38a18b1f10b00b116489,incremental3,ok,ok,0.03635566704906523,0.04243454220704734,1.167205711004508,45.453125,43.640625,True,,
model,models/deskmate.mln/n64,models/deskmate.mln,model,default,64,ac20ba634d12fe7cc0de98a53bf028e99a4a55baece81bf4bb66bfb861e81f48,fastv2,timeout,timeout,,,,74.953125,72.84375,,exceeded 30.0s wall time,exceeded 30.0s wall time
model,models/deskmate.mln/n64,models/deskmate.mln,model,default,64,ac20ba634d12fe7cc0de98a53bf028e99a4a55baece81bf4bb66bfb861e81f48,incremental3,timeout,timeout,,,,47.28125,48.03125,,exceeded 30.0s wall time,exceeded 30.0s wall time
model,models/employment.mln/n2,models/employment.mln,model,default,2,86ba93ae3e737cb41dc06c4cea0ce953ad132056c21ef2704846c3270c605cd4,fastv2,ok,ok,0.12485104193910956,0.15224033291451633,1.2193757500939773,51.703125,51.453125,True,,
model,models/employment.mln/n2,models/employment.mln,model,default,2,86ba93ae3e737cb41dc06c4cea0ce953ad132056c21ef2704846c3270c605cd4,incremental3,ok,ok,0.05019754101522267,0.0661447080783546,1.3176882122233013,42.390625,45.984375,True,,
model,models/employment.mln/n4,models/employment.mln,model,default,4,4b19582a06c9fac6b6bf31cf35054361368d692ac4bff3d057e7585f16729442,fastv2,ok,ok,0.06721937516704202,0.09594737505540252,1.4273767766655168,51.71875,53.3125,True,,
model,models/employment.mln/n4,models/employment.mln,model,default,4,4b19582a06c9fac6b6bf31cf35054361368d692ac4bff3d057e7585f16729442,incremental3,ok,ok,0.04219916695728898,0.0455059171654284,1.0783605565362528,43.609375,44.484375,True,,
model,models/employment.mln/n8,models/employment.mln,model,default,8,77b2110e17eb3e07b040626cbbedc2294f5ffd26b58a22b08713617d86eb0768,fastv2,ok,ok,0.0700617500115186,0.0786347920075059,1.1223640858896307,48.609375,52.0625,True,,
model,models/employment.mln/n8,models/employment.mln,model,default,8,77b2110e17eb3e07b040626cbbedc2294f5ffd26b58a22b08713617d86eb0768,incremental3,ok,ok,0.058150083059445024,0.18776275007985532,3.228933480420162,45.0625,44.484375,True,,
model,models/employment.mln/n16,models/employment.mln,model,default,16,856f7cf85f4cbb4c08f1ab237c2a64050a4d6f058a03ddd469e4b16e37584781,fastv2,ok,ok,0.06723687495104969,0.07500658300705254,1.115557245360666,51.640625,51.8125,True,,
model,models/employment.mln/n16,models/employment.mln,model,default,16,856f7cf85f4cbb4c08f1ab237c2a64050a4d6f058a03ddd469e4b16e37584781,incremental3,ok,ok,0.6979010829236358,0.7105372501537204,1.0181059573330211,75.359375,75.546875,True,,
model,models/employment.mln/n32,models/employment.mln,model,default,32,69a74a5cbbaa9c3b035dbc3d69a1841aa19fbb5e8ce806366c9c3ddd1053d7e3,fastv2,ok,ok,0.06526162498630583,0.08487283298745751,1.3005013743569334,52.0625,52.859375,True,,
model,models/employment.mln/n32,models/employment.mln,model,default,32,69a74a5cbbaa9c3b035dbc3d69a1841aa19fbb5e8ce806366c9c3ddd1053d7e3,incremental3,timeout,timeout,,,,957.015625,794.796875,,exceeded 30.0s wall time,exceeded 30.0s wall time
model,models/employment.mln/n64,models/employment.mln,model,default,64,93a50b762ef0a56aed993d627a667ee14a8a26fb8dbd11fb17935d5f0ddec2a1,fastv2,skipped-after-resource,skipped-after-resource,,,,,,,a smaller domain in this series hit a resource limit,a smaller domain in this series hit a resource limit
model,models/employment.mln/n64,models/employment.mln,model,default,64,93a50b762ef0a56aed993d627a667ee14a8a26fb8dbd11fb17935d5f0ddec2a1,incremental3,skipped-after-resource,skipped-after-resource,,,,,,,a smaller domain in this series hit a resource limit,a smaller domain in this series hit a resource limit
model,models/existential.wfomcs/n2,models/existential.wfomcs,model,default,2,cad2ae6716e91b4308c76684a068243b7d03e639cdec21b87087b7fc4816d9cc,fastv2,ok,ok,0.11058087507262826,0.12095854105427861,1.0938468426374308,49.171875,52.21875,True,,
model,models/existential.wfomcs/n2,models/existential.wfomcs,model,default,2,cad2ae6716e91b4308c76684a068243b7d03e639cdec21b87087b7fc4816d9cc,incremental3,ok,ok,0.04801166709512472,0.058087874902412295,1.2098699840462475,43.65625,43.03125,True,,
model,models/existential.wfomcs/n4,models/existential.wfomcs,model,default,4,dd0087c20b110754b5544dcfc210830cd32bcf2c9dddb214201ea52e64a1acad,fastv2,ok,ok,0.05927837500348687,0.06868962501175702,1.1587636302060669,50.5625,51.609375,True,,
model,models/existential.wfomcs/n4,models/existential.wfomcs,model,default,4,dd0087c20b110754b5544dcfc210830cd32bcf2c9dddb214201ea52e64a1acad,incremental3,ok,ok,0.0356967500410974,0.04287237487733364,1.20101619413462,44.75,45.03125,True,,
model,models/existential.wfomcs/n8,models/existential.wfomcs,model,default,8,0945fe40bad057f8b43871e9f775c99f64c4d39febda4169febd77995c621d84,fastv2,ok,ok,0.05961204203777015,0.07908000005409122,1.3265776066517931,51.6875,51.3125,True,,
model,models/existential.wfomcs/n8,models/existential.wfomcs,model,default,8,0945fe40bad057f8b43871e9f775c99f64c4d39febda4169febd77995c621d84,incremental3,ok,ok,0.057912667049095035,0.06596100004389882,1.1389736201922953,45.53125,45.765625,True,,
model,models/existential.wfomcs/n16,models/existential.wfomcs,model,default,16,1385381d623b8cb1b6060441f1ba70a0c53a2b18c4cf2fbf76536f35a3321ccf,fastv2,ok,ok,0.059864416951313615,0.06806012499146163,1.1369044994928024,51.640625,51.859375,True,,
model,models/existential.wfomcs/n16,models/existential.wfomcs,model,default,16,1385381d623b8cb1b6060441f1ba70a0c53a2b18c4cf2fbf76536f35a3321ccf,incremental3,ok,ok,1.6024115420877934,1.640909624984488,1.0240250908618238,53.421875,53.9375,True,,
model,models/existential.wfomcs/n32,models/existential.wfomcs,model,default,32,075e5beda8f547eb68abe893dd3338ca9cb12a675b82415529132281e3ab64e0,fastv2,ok,ok,0.06258645793423057,0.07042233389802277,1.1252008217500755,52.046875,52.1875,True,,
model,models/existential.wfomcs/n32,models/existential.wfomcs,model,default,32,075e5beda8f547eb68abe893dd3338ca9cb12a675b82415529132281e3ab64e0,incremental3,timeout,timeout,,,,159.875,149.0625,,exceeded 30.0s wall time,exceeded 30.0s wall time
model,models/existential.wfomcs/n64,models/existential.wfomcs,model,default,64,9d2ccb6b2948380768dab1178090ed25dcbbc84f4988a67d32970129b8cd92ee,fastv2,skipped-after-resource,skipped-after-resource,,,,,,,a smaller domain in this series hit a resource limit,a smaller domain in this series hit a resource limit
model,models/existential.wfomcs/n64,models/existential.wfomcs,model,default,64,9d2ccb6b2948380768dab1178090ed25dcbbc84f4988a67d32970129b8cd92ee,incremental3,skipped-after-resource,skipped-after-resource,,,,,,,a smaller domain in this series hit a resource limit,a smaller domain in this series hit a resource limit
model,models/friends-smokes.mln/n2,models/friends-smokes.mln,model,default,2,88dc96b99e694e2f78c82cac75b7f644af44342194ebc0f92f5929cb4ed2ea88,fastv2,ok,ok,0.0615853329654783,0.11777870799414814,1.9124473689241734,51.71875,52.1875,True,,
model,models/friends-smokes.mln/n2,models/friends-smokes.mln,model,default,2,88dc96b99e694e2f78c82cac75b7f644af44342194ebc0f92f5929cb4ed2ea88,incremental3,ok,ok,0.03541008289903402,0.059037000173702836,1.6672369941080638,44.421875,45.421875,True,,
model,models/friends-smokes.mln/n4,models/friends-smokes.mln,model,default,4,485fa0048aab0a2676d1afac859bf2b8da63de9ae421906f6c9f3eab7756e02c,fastv2,ok,ok,0.05948441615328193,0.06431791605427861,1.081256574638667,51.53125,52.28125,True,,
model,models/friends-smokes.mln/n4,models/friends-smokes.mln,model,default,4,485fa0048aab0a2676d1afac859bf2b8da63de9ae421906f6c9f3eab7756e02c,incremental3,ok,ok,0.035021499963477254,0.04024683288298547,1.1492035728040644,44.8125,44.828125,True,,
model,models/friends-smokes.mln/n8,models/friends-smokes.mln,model,default,8,7a6065672f5371594960527569547095718eb0bf860c698743adf1b7de558471,fastv2,ok,ok,0.059884291142225266,0.07061104197055101,1.1791246188896134,52.015625,51.15625,True,,
model,models/friends-smokes.mln/n8,models/friends-smokes.mln,model,default,8,7a6065672f5371594960527569547095718eb0bf860c698743adf1b7de558471,incremental3,ok,ok,0.03573354217223823,0.04366549989208579,1.2219751314217593,44.09375,45.6875,True,,
model,models/friends-smokes.mln/n16,models/friends-smokes.mln,model,default,16,29e036487d837ee2ce2c01dd740c5aa089ffe3b591614ca4796342e24446753a,fastv2,ok,ok,0.06058783293701708,0.08199845813214779,1.353381597545958,52.09375,52.359375,True,,
model,models/friends-smokes.mln/n16,models/friends-smokes.mln,model,default,16,29e036487d837ee2ce2c01dd740c5aa089ffe3b591614ca4796342e24446753a,incremental3,ok,ok,0.0367034999653697,0.043165457900613546,1.1760583579587995,45.21875,44.984375,True,,
model,models/friends-smokes.mln/n32,models/friends-smokes.mln,model,default,32,dbd82cb9dde46eb34bf6279552ec16709fcd12725fd7a76cbd7f0b8a06e7373c,fastv2,ok,ok,0.07061375002376735,0.0804193748626858,1.1388628253791655,51.03125,52.609375,True,,
model,models/friends-smokes.mln/n32,models/friends-smokes.mln,model,default,32,dbd82cb9dde46eb34bf6279552ec16709fcd12725fd7a76cbd7f0b8a06e7373c,incremental3,ok,ok,0.04656091704964638,0.05207891692407429,1.1185114087968726,46.34375,49.421875,True,,
model,models/friends-smokes.mln/n64,models/friends-smokes.mln,model,default,64,50f8b09a1499e3689708b9e7722300f47e4160b95425c31b03fe3242de325bba,fastv2,timeout,timeout,,,,56.609375,57.5,,exceeded 30.0s wall time,exceeded 30.0s wall time
model,models/friends-smokes.mln/n64,models/friends-smokes.mln,model,default,64,50f8b09a1499e3689708b9e7722300f47e4160b95425c31b03fe3242de325bba,incremental3,timeout,timeout,,,,101.6875,101.28125,,exceeded 30.0s wall time,exceeded 30.0s wall time
model,models/friends-smokes.wfomcs/n2,models/friends-smokes.wfomcs,model,default,2,1b6ef271042aa4559f3781edab62024d4a51e4abb584e1819174882a3ab67306,fastv2,ok,ok,0.14601333299651742,0.1348640420474112,0.9236419666594958,51.84375,51.859375,True,,
model,models/friends-smokes.wfomcs/n2,models/friends-smokes.wfomcs,model,default,2,1b6ef271042aa4559f3781edab62024d4a51e4abb584e1819174882a3ab67306,incremental3,ok,ok,0.05475908308289945,0.06585345813073218,1.2026033750608465,39.578125,44.953125,True,,
model,models/friends-smokes.wfomcs/n4,models/friends-smokes.wfomcs,model,default,4,632304cead40e86369e2869c5af8d8090841d5ff5ea6d0103eb4706b7bc047b4,fastv2,ok,ok,0.06586095807142556,0.07210808410309255,1.0948532516774512,50.765625,50.5,True,,
model,models/friends-smokes.wfomcs/n4,models/friends-smokes.wfomcs,model,default,4,632304cead40e86369e2869c5af8d8090841d5ff5ea6d0103eb4706b7bc047b4,incremental3,ok,ok,0.037524000043049455,0.041983291041105986,1.1188383699216662,42.859375,44.265625,True,,
model,models/friends-smokes.wfomcs/n8,models/friends-smokes.wfomcs,model,default,8,31eb552612d25ab5ceccd91df7d8786271652a238c5e8e64cf94f587211d4a8e,fastv2,ok,ok,0.06970066600479186,0.06902354187332094,0.9902852559339337,52.140625,52.234375,True,,
model,models/friends-smokes.wfomcs/n8,models/friends-smokes.wfomcs,model,default,8,31eb552612d25ab5ceccd91df7d8786271652a238c5e8e64cf94f587211d4a8e,incremental3,ok,ok,0.041643999982625246,0.051911624846979976,1.2465571239227404,43.1875,45.75,True,,
model,models/friends-smokes.wfomcs/n16,models/friends-smokes.wfomcs,model,default,16,3ebdbbc2891e69937999e0475b4c914de6547c8d8ee24a6abe5e5d12b0019825,fastv2,ok,ok,0.07632683403789997,0.08171129086986184,1.0705447422237928,50.65625,51.234375,True,,
model,models/friends-smokes.wfomcs/n16,models/friends-smokes.wfomcs,model,default,16,3ebdbbc2891e69937999e0475b4c914de6547c8d8ee24a6abe5e5d12b0019825,incremental3,ok,ok,0.22835216717794538,0.23276366596110165,1.0193188391320087,47.3125,47.65625,True,,
model,models/friends-smokes.wfomcs/n32,models/friends-smokes.wfomcs,model,default,32,fed27d1610848b7a31484785e0282fb751204cbf3f29e4d1d51f955bcb0e5e63,fastv2,ok,ok,0.1262099170126021,0.1216602090280503,0.9639512639557675,52.078125,52.421875,True,,
model,models/friends-smokes.wfomcs/n32,models/friends-smokes.wfomcs,model,default,32,fed27d1610848b7a31484785e0282fb751204cbf3f29e4d1d51f955bcb0e5e63,incremental3,ok,ok,23.586944374954328,24.308767749927938,1.0306026657586083,104.125,82.90625,True,,
model,models/friends-smokes.wfomcs/n64,models/friends-smokes.wfomcs,model,default,64,e63c9539d4e1675dd29894e776de3a7a8f9d0eae7290fae227021fefdc9caae5,fastv2,ok,ok,1.4324357910081744,1.448550916975364,1.0112501559011224,51.90625,53.625,True,,
model,models/friends-smokes.wfomcs/n64,models/friends-smokes.wfomcs,model,default,64,e63c9539d4e1675dd29894e776de3a7a8f9d0eae7290fae227021fefdc9caae5,incremental3,timeout,timeout,,,,95.171875,76.484375,,exceeded 30.0s wall time,exceeded 30.0s wall time
model,models/function-no-fix-sc2.wfomcs/n2,models/function-no-fix-sc2.wfomcs,model,default,2,29881e52c1835f025e624fe5c49dda2857ad7854fde14286dfa152fc5c719cf0,fastv2,ok,ok,0.10910779191181064,0.12934662494808435,1.1854939292753015,52.4375,50.921875,True,,
model,models/function-no-fix-sc2.wfomcs/n2,models/function-no-fix-sc2.wfomcs,model,default,2,29881e52c1835f025e624fe5c49dda2857ad7854fde14286dfa152fc5c719cf0,incremental3,ok,ok,0.048778583062812686,0.05888979113660753,1.2072878595258607,43.578125,41.078125,True,,
model,models/function-no-fix-sc2.wfomcs/n4,models/function-no-fix-sc2.wfomcs,model,default,4,544b421f7c941ce9384178ae047819983150e87c585c630381116bb72749b376,fastv2,ok,ok,0.06198641611263156,0.2934368751011789,4.733889995640229,50.21875,53.609375,True,,
model,models/function-no-fix-sc2.wfomcs/n4,models/function-no-fix-sc2.wfomcs,model,default,4,544b421f7c941ce9384178ae047819983150e87c585c630381116bb72749b376,incremental3,ok,ok,0.03540024999529123,0.04112949990667403,1.1618420749046934,44.765625,44.65625,True,,
model,models/function-no-fix-sc2.wfomcs/n8,models/function-no-fix-sc2.wfomcs,model,default,8,6d694d20a6f0f458fd76918fb9f1c915503bad4424f2f8e85f1f73e4c30a9893,fastv2,ok,ok,0.0619866659399122,0.0817681250628084,1.319124424954097,52.125,53.109375,True,,
model,models/function-no-fix-sc2.wfomcs/n8,models/function-no-fix-sc2.wfomcs,model,default,8,6d694d20a6f0f458fd76918fb9f1c915503bad4424f2f8e85f1f73e4c30a9893,incremental3,ok,ok,0.0355770830065012,0.04659362509846687,1.3096527641108902,44.75,42.5625,True,,
model,models/function-no-fix-sc2.wfomcs/n16,models/function-no-fix-sc2.wfomcs,model,default,16,f5b4a3d36acbc61f525085766029e4732fa3fe2853c2af6d8de8d05384dfe9bd,fastv2,ok,ok,0.07056966703385115,0.08037424995563924,1.1389348049082475,50.234375,52.421875,True,,
model,models/function-no-fix-sc2.wfomcs/n16,models/function-no-fix-sc2.wfomcs,model,default,16,f5b4a3d36acbc61f525085766029e4732fa3fe2853c2af6d8de8d05384dfe9bd,incremental3,ok,ok,0.042615875136107206,0.04553187498822808,1.0684252017072913,43.828125,45.25,True,,
model,models/function-no-fix-sc2.wfomcs/n32,models/function-no-fix-sc2.wfomcs,model,default,32,7edac05f91bf14a78ebaa8713bc6af106adbc41db38030e79c9b794ea7df8c49,fastv2,ok,ok,0.07285970798693597,0.09036545804701746,1.2402665416010221,52.140625,53.40625,True,,
model,models/function-no-fix-sc2.wfomcs/n32,models/function-no-fix-sc2.wfomcs,model,default,32,7edac05f91bf14a78ebaa8713bc6af106adbc41db38030e79c9b794ea7df8c49,incremental3,ok,ok,0.04511387483216822,0.054692250210791826,1.212315510788131,44.515625,46.203125,True,,
model,models/function-no-fix-sc2.wfomcs/n64,models/function-no-fix-sc2.wfomcs,model,default,64,006f6d01abaeb432a75aa8fbcc64ef06827be71cd992a2facb9c95b25b670878,fastv2,ok,ok,0.12204724992625415,0.13102208287455142,1.073535724514237,53.109375,53.40625,True,,
model,models/function-no-fix-sc2.wfomcs/n64,models/function-no-fix-sc2.wfomcs,model,default,64,006f6d01abaeb432a75aa8fbcc64ef06827be71cd992a2facb9c95b25b670878,incremental3,ok,ok,0.11897099995985627,0.12095566606149077,1.0166819317506297,46.578125,46.96875,True,,
model,models/function-no-fix.wfomcs/n2,models/function-no-fix.wfomcs,model,default,2,c4e40f21a19fd53c6ca6f2b8d0a9512a90ed8a32df158f7eff095615f4ca754c,fastv2,ok,ok,0.0628320830874145,0.06675154087133706,1.062379879694099,50.265625,52.015625,True,,
model,models/function-no-fix.wfomcs/n2,models/function-no-fix.wfomcs,model,default,2,c4e40f21a19fd53c6ca6f2b8d0a9512a90ed8a32df158f7eff095615f4ca754c,incremental3,ok,ok,0.03598195896483958,0.04091041604988277,1.136970226936758,44.984375,43.671875,True,,
model,models/function-no-fix.wfomcs/n4,models/function-no-fix.wfomcs,model,default,4,74572442a2bc6e39970ef85e22ed2632ed9f40bcdf88646a06c0a0d58de4a6a1,fastv2,ok,ok,0.06218379084020853,0.0663655421230942,1.0672482527421232,52.3125,52.5625,True,,
model,models/function-no-fix.wfomcs/n4,models/function-no-fix.wfomcs,model,default,4,74572442a2bc6e39970ef85e22ed2632ed9f40bcdf88646a06c0a0d58de4a6a1,incremental3,ok,ok,0.035579583840444684,0.04256779211573303,1.1964106243239578,45.03125,43.71875,True,,
model,models/function-no-fix.wfomcs/n8,models/function-no-fix.wfomcs,model,default,8,96057d39824be75385eebc2d33a246c4e2966757e6ac663680278a09eee5ccc3,fastv2,ok,ok,0.0629774578846991,0.07051525008864701,1.1196903218568826,49.828125,52.78125,True,,
model,models/function-no-fix.wfomcs/n8,models/function-no-fix.wfomcs,model,default,8,96057d39824be75385eebc2d33a246c4e2966757e6ac663680278a09eee5ccc3,incremental3,ok,ok,0.03655395796522498,0.04224599990993738,1.1557161593862812,43.75,43.609375,True,,
model,models/function-no-fix.wfomcs/n16,models/function-no-fix.wfomcs,model,default,16,6e1f7be6efff2ac4a07a6dd8cec69d08ea83901246cf691db847ee7eb95c540e,fastv2,ok,ok,0.06804166710935533,0.06717099994421005,0.9872039119243513,49.65625,52.109375,True,,
model,models/function-no-fix.wfomcs/n16,models/function-no-fix.wfomcs,model,default,16,6e1f7be6efff2ac4a07a6dd8cec69d08ea83901246cf691db847ee7eb95c540e,incremental3,ok,ok,0.043283167062327266,0.048479249933734536,1.1200485829496942,43.671875,45.421875,True,,
model,models/function-no-fix.wfomcs/n32,models/function-no-fix.wfomcs,model,default,32,0644b3b1d5b8818e33e94c8270f5ba4f3f25093e60e12da1391559f4bcacbee1,fastv2,ok,ok,0.06735762511380017,0.07169716712087393,1.0644254009808414,52.03125,51.125,True,,
model,models/function-no-fix.wfomcs/n32,models/function-no-fix.wfomcs,model,default,32,0644b3b1d5b8818e33e94c8270f5ba4f3f25093e60e12da1391559f4bcacbee1,incremental3,ok,ok,0.07142933295108378,0.0803013329859823,1.1242066762820568,45.359375,46.390625,True,,
model,models/function-no-fix.wfomcs/n64,models/function-no-fix.wfomcs,model,default,64,b1fad5bed84ebba82d8706595e20d6e464e683e8302b04dfcb8b353a49aefb04,fastv2,ok,ok,0.07024145894683897,0.08368495805189013,1.1913898046341214,52.03125,52.71875,True,,
model,models/function-no-fix.wfomcs/n64,models/function-no-fix.wfomcs,model,default,64,b1fad5bed84ebba82d8706595e20d6e464e683e8302b04dfcb8b353a49aefb04,incremental3,ok,ok,0.24977012490853667,0.2508331658318639,1.0042560771578126,48.21875,48.171875,True,,
model,models/linear_order/BA.wfomcs/n2,models/linear_order/BA.wfomcs,model,default,2,2cdb8a31577ee1f545da375a753af33549bb7f6d0cac27d5dd228eb62ea12aa5,fastv2,error,error,,,,50.484375,49.390625,,UnsupportedFeatureError: fastv2 does not support linear order features,UnsupportedFeatureError: fastv2 does not support linear order features
model,models/linear_order/BA.wfomcs/n2,models/linear_order/BA.wfomcs,model,default,2,2cdb8a31577ee1f545da375a753af33549bb7f6d0cac27d5dd228eb62ea12aa5,incremental3,ok,ok,0.039656291948631406,0.04464250011369586,1.1257356126872204,45.453125,43.359375,True,,
model,models/linear_order/BA.wfomcs/n4,models/linear_order/BA.wfomcs,model,default,4,3872d04d6a60b0a9468ac37e2204402d5cf9f710b5becd9fa79cd9bcc7db4316,fastv2,error,error,,,,51.125,50.09375,,UnsupportedFeatureError: fastv2 does not support linear order features,UnsupportedFeatureError: fastv2 does not support linear order features
model,models/linear_order/BA.wfomcs/n4,models/linear_order/BA.wfomcs,model,default,4,3872d04d6a60b0a9468ac37e2204402d5cf9f710b5becd9fa79cd9bcc7db4316,incremental3,ok,ok,0.03703624987974763,0.04271966707892716,1.1534555258060122,45.4375,41.875,True,,
model,models/linear_order/BA.wfomcs/n8,models/linear_order/BA.wfomcs,model,default,8,2218374c54c554e6c09d00094cf1f4f3865188e4fdd84636cf1d8f0bcc7ec704,fastv2,error,error,,,,48.078125,51.484375,,UnsupportedFeatureError: fastv2 does not support linear order features,UnsupportedFeatureError: fastv2 does not support linear order features
model,models/linear_order/BA.wfomcs/n8,models/linear_order/BA.wfomcs,model,default,8,2218374c54c554e6c09d00094cf1f4f3865188e4fdd84636cf1d8f0bcc7ec704,incremental3,ok,ok,0.04079945804551244,0.0419425000436604,1.0280161073922325,45.453125,45.734375,True,,
model,models/linear_order/BA.wfomcs/n16,models/linear_order/BA.wfomcs,model,default,16,82c2bc697076b91a0fb8b153cc39ce7df42621714f803a588cf24b23c0bc7967,fastv2,error,error,,,,51.109375,50.75,,UnsupportedFeatureError: fastv2 does not support linear order features,UnsupportedFeatureError: fastv2 does not support linear order features
model,models/linear_order/BA.wfomcs/n16,models/linear_order/BA.wfomcs,model,default,16,82c2bc697076b91a0fb8b153cc39ce7df42621714f803a588cf24b23c0bc7967,incremental3,ok,ok,0.037780625047162175,0.04721116693690419,1.2496131781295232,42.359375,44.890625,True,,
model,models/linear_order/BA.wfomcs/n32,models/linear_order/BA.wfomcs,model,default,32,3e443f94ae735312ec812f798e4cdec6d364987e06514115f41d39bd34300acd,fastv2,error,error,,,,50.40625,51.265625,,UnsupportedFeatureError: fastv2 does not support linear order features,UnsupportedFeatureError: fastv2 does not support linear order features
model,models/linear_order/BA.wfomcs/n32,models/linear_order/BA.wfomcs,model,default,32,3e443f94ae735312ec812f798e4cdec6d364987e06514115f41d39bd34300acd,incremental3,ok,ok,0.03772512497380376,0.0516886250115931,1.3701379398341442,42.34375,46.703125,True,,
model,models/linear_order/BA.wfomcs/n64,models/linear_order/BA.wfomcs,model,default,64,c85b56490b594a8974ca0212e71dcb84b6ab0bd73bf3322e216b577ed7a2e0bf,fastv2,error,error,,,,49.484375,51.53125,,UnsupportedFeatureError: fastv2 does not support linear order features,UnsupportedFeatureError: fastv2 does not support linear order features
model,models/linear_order/BA.wfomcs/n64,models/linear_order/BA.wfomcs,model,default,64,c85b56490b594a8974ca0212e71dcb84b6ab0bd73bf3322e216b577ed7a2e0bf,incremental3,ok,ok,0.04544641706161201,0.055010082898661494,1.2104382799657003,46.015625,45.0625,True,,
model,models/linear_order/BA_CC.wfomcs/n2,models/linear_order/BA_CC.wfomcs,model,default,2,1749a871cffdf524c94a057f3c71ba130532cd747d88f1e0a5fd5a2ba6217696,fastv2,error,error,,,,49.21875,50.640625,,UnsupportedFeatureError: fastv2 does not support linear order features,UnsupportedFeatureError: fastv2 does not support linear order features
model,models/linear_order/BA_CC.wfomcs/n2,models/linear_order/BA_CC.wfomcs,model,default,2,1749a871cffdf524c94a057f3c71ba130532cd747d88f1e0a5fd5a2ba6217696,incremental3,ok,ok,0.03853766690008342,0.05395033280365169,1.3999377010426883,41.296875,46.8125,True,,
model,models/linear_order/BA_CC.wfomcs/n4,models/linear_order/BA_CC.wfomcs,model,default,4,9868869f3ae88966344444ec17ae864a17cbbd38fb1405a3ee59e306416f5ee3,fastv2,error,error,,,,49.328125,51.046875,,UnsupportedFeatureError: fastv2 does not support linear order features,UnsupportedFeatureError: fastv2 does not support linear order features
model,models/linear_order/BA_CC.wfomcs/n4,models/linear_order/BA_CC.wfomcs,model,default,4,9868869f3ae88966344444ec17ae864a17cbbd38fb1405a3ee59e306416f5ee3,incremental3,ok,ok,0.03722137492150068,0.043731083860620856,1.1748916839544228,43.171875,46.359375,True,,
model,models/linear_order/BA_CC.wfomcs/n8,models/linear_order/BA_CC.wfomcs,model,default,8,f77899f9f5f36e8f7a67d203bb37d43fbf7dffb07f853daa0957b527f20224b1,fastv2,error,error,,,,49.5625,51.546875,,UnsupportedFeatureError: fastv2 does not support linear order features,UnsupportedFeatureError: fastv2 does not support linear order features
model,models/linear_order/BA_CC.wfomcs/n8,models/linear_order/BA_CC.wfomcs,model,default,8,f77899f9f5f36e8f7a67d203bb37d43fbf7dffb07f853daa0957b527f20224b1,incremental3,ok,ok,0.04060370801016688,0.04387483303435147,1.0805622241043975,46.109375,44.71875,True,,
model,models/linear_order/BA_CC.wfomcs/n16,models/linear_order/BA_CC.wfomcs,model,default,16,6e19c8cc264a8784eaecfce408d53df4f63adb0ed8b351382b93973666db0337,fastv2,error,error,,,,48.0,49.421875,,UnsupportedFeatureError: fastv2 does not support linear order features,UnsupportedFeatureError: fastv2 does not support linear order features
model,models/linear_order/BA_CC.wfomcs/n16,models/linear_order/BA_CC.wfomcs,model,default,16,6e19c8cc264a8784eaecfce408d53df4f63adb0ed8b351382b93973666db0337,incremental3,ok,ok,0.040507375029847026,0.05866991705261171,1.4483761786435676,43.28125,45.203125,True,,
model,models/linear_order/BA_CC.wfomcs/n32,models/linear_order/BA_CC.wfomcs,model,default,32,4062f916a000a85b110cac81400cb1669dabeb47d211177d00040b1c44e90479,fastv2,error,error,,,,47.59375,51.53125,,UnsupportedFeatureError: fastv2 does not support linear order features,UnsupportedFeatureError: fastv2 does not support linear order features
model,models/linear_order/BA_CC.wfomcs/n32,models/linear_order/BA_CC.wfomcs,model,default,32,4062f916a000a85b110cac81400cb1669dabeb47d211177d00040b1c44e90479,incremental3,ok,ok,0.04517566692084074,0.18746729101985693,4.149740419955444,44.4375,43.140625,True,,
model,models/linear_order/BA_CC.wfomcs/n64,models/linear_order/BA_CC.wfomcs,model,default,64,0170b927d64eb6fe3c8479e27c32950f61157bcddd89a85fab2e04480e639efb,fastv2,error,error,,,,47.296875,51.5,,UnsupportedFeatureError: fastv2 does not support linear order features,UnsupportedFeatureError: fastv2 does not support linear order features
model,models/linear_order/BA_CC.wfomcs/n64,models/linear_order/BA_CC.wfomcs,model,default,64,0170b927d64eb6fe3c8479e27c32950f61157bcddd89a85fab2e04480e639efb,incremental3,ok,ok,0.055657749995589256,0.060596083058044314,1.0887267822153501,46.34375,46.84375,True,,
model,models/linear_order/head-middle-tail.wfomcs/n2,models/linear_order/head-middle-tail.wfomcs,model,default,2,f69102d4216f72b5c205b96baaf9ac5e603e0faf1bf060f7697a0d8fe9fa6fa8,fastv2,error,error,,,,48.90625,51.1875,,UnsupportedFeatureError: fastv2 does not support linear order features,UnsupportedFeatureError: fastv2 does not support linear order features
model,models/linear_order/head-middle-tail.wfomcs/n2,models/linear_order/head-middle-tail.wfomcs,model,default,2,f69102d4216f72b5c205b96baaf9ac5e603e0faf1bf060f7697a0d8fe9fa6fa8,incremental3,ok,ok,0.036308082984760404,0.04608925012871623,1.269393653971246,43.875,40.796875,True,,
model,models/linear_order/head-middle-tail.wfomcs/n4,models/linear_order/head-middle-tail.wfomcs,model,default,4,23f7074443f2c410a79d08224205c0a6f4997d07705e9b2c30ec7471510355d5,fastv2,error,error,,,,51.140625,49.1875,,UnsupportedFeatureError: fastv2 does not support linear order features,UnsupportedFeatureError: fastv2 does not support linear order features
model,models/linear_order/head-middle-tail.wfomcs/n4,models/linear_order/head-middle-tail.wfomcs,model,default,4,23f7074443f2c410a79d08224205c0a6f4997d07705e9b2c30ec7471510355d5,incremental3,ok,ok,0.03600837499834597,0.04340354190208018,1.2053735250222732,42.390625,43.734375,True,,
model,models/linear_order/head-middle-tail.wfomcs/n8,models/linear_order/head-middle-tail.wfomcs,model,default,8,01affa63b9e7e17b61c4dd82e0deacecb6294e30d83079d2cdfe424652010253,fastv2,error,error,,,,50.75,51.125,,UnsupportedFeatureError: fastv2 does not support linear order features,UnsupportedFeatureError: fastv2 does not support linear order features
model,models/linear_order/head-middle-tail.wfomcs/n8,models/linear_order/head-middle-tail.wfomcs,model,default,8,01affa63b9e7e17b61c4dd82e0deacecb6294e30d83079d2cdfe424652010253,incremental3,ok,ok,0.04067249991931021,0.04426450002938509,1.0883152035700046,44.65625,41.96875,True,,
model,models/linear_order/head-middle-tail.wfomcs/n16,models/linear_order/head-middle-tail.wfomcs,model,default,16,4a6fc3e800063734e5664319c9ef087669b972c976a2023038d7941ce9b6977f,fastv2,error,error,,,,49.1875,50.625,,UnsupportedFeatureError: fastv2 does not support linear order features,UnsupportedFeatureError: fastv2 does not support linear order features
model,models/linear_order/head-middle-tail.wfomcs/n16,models/linear_order/head-middle-tail.wfomcs,model,default,16,4a6fc3e800063734e5664319c9ef087669b972c976a2023038d7941ce9b6977f,incremental3,ok,ok,0.043867875123396516,0.04889662517234683,1.1146340011866287,44.828125,44.953125,True,,
model,models/linear_order/head-middle-tail.wfomcs/n32,models/linear_order/head-middle-tail.wfomcs,model,default,32,73344ecda94cbba4c127de588f4ae812f7718fab50cfb875020a323f0d9d76c3,fastv2,error,error,,,,49.234375,51.328125,,UnsupportedFeatureError: fastv2 does not support linear order features,UnsupportedFeatureError: fastv2 does not support linear order features
model,models/linear_order/head-middle-tail.wfomcs/n32,models/linear_order/head-middle-tail.wfomcs,model,default,32,73344ecda94cbba4c127de588f4ae812f7718fab50cfb875020a323f0d9d76c3,incremental3,ok,ok,0.08907770900987089,0.09615216590464115,1.0794189362681783,46.515625,47.203125,True,,
model,models/linear_order/head-middle-tail.wfomcs/n64,models/linear_order/head-middle-tail.wfomcs,model,default,64,e882873a22f82b020c161ff3d514926a157d1a1b8c5080d7a8ab6d960a4e575a,fastv2,error,error,,,,50.75,51.296875,,UnsupportedFeatureError: fastv2 does not support linear order features,UnsupportedFeatureError: fastv2 does not support linear order features
model,models/linear_order/head-middle-tail.wfomcs/n64,models/linear_order/head-middle-tail.wfomcs,model,default,64,e882873a22f82b020c161ff3d514926a157d1a1b8c5080d7a8ab6d960a4e575a,incremental3,ok,ok,0.4974380419589579,0.500801166985184,1.006760892297223,65.796875,65.890625,True,,
model,models/linear_order/linear_order_perm.wfomcs/n2,models/linear_order/linear_order_perm.wfomcs,model,default,2,ab1be7b8c04d11d5f6e53b8d2f273dd69462a736179c32e72b679b4716b7e398,fastv2,error,error,,,,50.890625,50.953125,,UnsupportedFeatureError: fastv2 does not support linear order features,UnsupportedFeatureError: fastv2 does not support linear order features
model,models/linear_order/linear_order_perm.wfomcs/n2,models/linear_order/linear_order_perm.wfomcs,model,default,2,ab1be7b8c04d11d5f6e53b8d2f273dd69462a736179c32e72b679b4716b7e398,incremental3,ok,ok,0.03683570888824761,0.042132999980822206,1.1438085828250395,43.90625,45.3125,True,,
model,models/linear_order/linear_order_perm.wfomcs/n4,models/linear_order/linear_order_perm.wfomcs,model,default,4,4d7d9edaea9fc51192a7d8956cdb25214810c9948914205e1928987e4830b86a,fastv2,error,error,,,,47.609375,51.265625,,UnsupportedFeatureError: fastv2 does not support linear order features,UnsupportedFeatureError: fastv2 does not support linear order features
model,models/linear_order/linear_order_perm.wfomcs/n4,models/linear_order/linear_order_perm.wfomcs,model,default,4,4d7d9edaea9fc51192a7d8956cdb25214810c9948914205e1928987e4830b86a,incremental3,ok,ok,0.03549654199741781,0.040809249971061945,1.1496683247069703,43.78125,44.1875,True,,
model,models/linear_order/linear_order_perm.wfomcs/n8,models/linear_order/linear_order_perm.wfomcs,model,default,8,75ad4864daafcea23a38ab10b100d76df1e7f166999ef978a9a60e59d48de2ed,fastv2,error,error,,,,50.203125,51.125,,UnsupportedFeatureError: fastv2 does not support linear order features,UnsupportedFeatureError: fastv2 does not support linear order features
model,models/linear_order/linear_order_perm.wfomcs/n8,models/linear_order/linear_order_perm.wfomcs,model,default,8,75ad4864daafcea23a38ab10b100d76df1e7f166999ef978a9a60e59d48de2ed,incremental3,ok,ok,0.03824233403429389,0.04607850010506809,1.2049081539779214,45.390625,45.015625,True,,
model,models/linear_order/linear_order_perm.wfomcs/n16,models/linear_order/linear_order_perm.wfomcs,model,default,16,3883fad2e12742db61fc98441f7ce310affa742db9e50bf2f12f4fedf4d24b54,fastv2,error,error,,,,50.890625,50.78125,,UnsupportedFeatureError: fastv2 does not support linear order features,UnsupportedFeatureError: fastv2 does not support linear order features
model,models/linear_order/linear_order_perm.wfomcs/n16,models/linear_order/linear_order_perm.wfomcs,model,default,16,3883fad2e12742db61fc98441f7ce310affa742db9e50bf2f12f4fedf4d24b54,incremental3,ok,ok,0.05194862512871623,0.05718029197305441,1.1007084755636047,45.796875,45.9375,True,,
model,models/linear_order/linear_order_perm.wfomcs/n32,models/linear_order/linear_order_perm.wfomcs,model,default,32,5d854d2bf1b89d9f55897bdd4a5ca6acf109317d3f51bd2e3e0a7c78f567c01f,fastv2,error,error,,,,50.625,51.1875,,UnsupportedFeatureError: fastv2 does not support linear order features,UnsupportedFeatureError: fastv2 does not support linear order features
model,models/linear_order/linear_order_perm.wfomcs/n32,models/linear_order/linear_order_perm.wfomcs,model,default,32,5d854d2bf1b89d9f55897bdd4a5ca6acf109317d3f51bd2e3e0a7c78f567c01f,incremental3,ok,ok,0.1744776249397546,0.18014395888894796,1.0324759919855047,46.796875,47.25,True,,
model,models/linear_order/linear_order_perm.wfomcs/n64,models/linear_order/linear_order_perm.wfomcs,model,default,64,69c61e0fdf736be55196c80300d40b9b1495df0c7aad3cf28e342caf11a111c0,fastv2,error,error,,,,48.734375,51.0625,,UnsupportedFeatureError: fastv2 does not support linear order features,UnsupportedFeatureError: fastv2 does not support linear order features
model,models/linear_order/linear_order_perm.wfomcs/n64,models/linear_order/linear_order_perm.wfomcs,model,default,64,69c61e0fdf736be55196c80300d40b9b1495df0c7aad3cf28e342caf11a111c0,incremental3,ok,ok,1.395973667036742,1.4082445420790464,1.0087901909126638,57.4375,58.25,True,,
model,models/modk/0mod2-regular-graph.wfomcs/n2,models/modk/0mod2-regular-graph.wfomcs,model,default,2,ff80d43f63bfab7dfeba9d068ad1f6e1527fbc1a4ff5cecc0d8e759aded4f857,fastv2,error,error,,,,49.671875,50.890625,,UnsupportedFeatureError: fastv2 does not support mod counting,UnsupportedFeatureError: fastv2 does not support mod counting
model,models/modk/0mod2-regular-graph.wfomcs/n2,models/modk/0mod2-regular-graph.wfomcs,model,default,2,ff80d43f63bfab7dfeba9d068ad1f6e1527fbc1a4ff5cecc0d8e759aded4f857,incremental3,ok,ok,0.03570291702635586,0.042972665978595614,1.2036177869408606,44.59375,44.609375,True,,
model,models/modk/0mod2-regular-graph.wfomcs/n4,models/modk/0mod2-regular-graph.wfomcs,model,default,4,533c743bd6edc509eb0fe68393330ed27d7415fb9e309161b593b027991872c4,fastv2,error,error,,,,51.015625,50.90625,,UnsupportedFeatureError: fastv2 does not support mod counting,UnsupportedFeatureError: fastv2 does not support mod counting
model,models/modk/0mod2-regular-graph.wfomcs/n4,models/modk/0mod2-regular-graph.wfomcs,model,default,4,533c743bd6edc509eb0fe68393330ed27d7415fb9e309161b593b027991872c4,incremental3,ok,ok,0.03484583296813071,0.040126875042915344,1.1515544794011545,43.9375,44.890625,True,,
model,models/modk/0mod2-regular-graph.wfomcs/n8,models/modk/0mod2-regular-graph.wfomcs,model,default,8,b1195ef0417f2a51de55cb3c35a1f5a299cb2a763b25659c43a05fe9e3218e6e,fastv2,error,error,,,,51.890625,51.53125,,UnsupportedFeatureError: fastv2 does not support mod counting,UnsupportedFeatureError: fastv2 does not support mod counting
model,models/modk/0mod2-regular-graph.wfomcs/n8,models/modk/0mod2-regular-graph.wfomcs,model,default,8,b1195ef0417f2a51de55cb3c35a1f5a299cb2a763b25659c43a05fe9e3218e6e,incremental3,ok,ok,0.03752037510275841,0.043179416097700596,1.1508258107613147,42.984375,43.390625,True,,
model,models/modk/0mod2-regular-graph.wfomcs/n16,models/modk/0mod2-regular-graph.wfomcs,model,default,16,d9196a0fb1163e35e4e083fac5b3817bd6236619dc3d729ac4e69a81f5f14eba,fastv2,error,error,,,,48.84375,50.890625,,UnsupportedFeatureError: fastv2 does not support mod counting,UnsupportedFeatureError: fastv2 does not support mod counting
model,models/modk/0mod2-regular-graph.wfomcs/n16,models/modk/0mod2-regular-graph.wfomcs,model,default,16,d9196a0fb1163e35e4e083fac5b3817bd6236619dc3d729ac4e69a81f5f14eba,incremental3,ok,ok,0.04196354188024998,0.0430334999691695,1.025497325558763,43.59375,42.515625,True,,
model,models/modk/0mod2-regular-graph.wfomcs/n32,models/modk/0mod2-regular-graph.wfomcs,model,default,32,c8ed936775e669b4625fa4e9ccbed187d7a17b56c08bc9bc53a27d0076198674,fastv2,error,error,,,,50.8125,50.953125,,UnsupportedFeatureError: fastv2 does not support mod counting,UnsupportedFeatureError: fastv2 does not support mod counting
model,models/modk/0mod2-regular-graph.wfomcs/n32,models/modk/0mod2-regular-graph.wfomcs,model,default,32,c8ed936775e669b4625fa4e9ccbed187d7a17b56c08bc9bc53a27d0076198674,incremental3,ok,ok,0.05283591616898775,0.05910554202273488,1.1186621962548102,45.078125,45.5,True,,
model,models/modk/0mod2-regular-graph.wfomcs/n64,models/modk/0mod2-regular-graph.wfomcs,model,default,64,ae2a018b5d855b46fc514ab872f5289ac58a590046547066de20732b28feaf6d,fastv2,error,error,,,,50.8125,51.34375,,UnsupportedFeatureError: fastv2 does not support mod counting,UnsupportedFeatureError: fastv2 does not support mod counting
model,models/modk/0mod2-regular-graph.wfomcs/n64,models/modk/0mod2-regular-graph.wfomcs,model,default,64,ae2a018b5d855b46fc514ab872f5289ac58a590046547066de20732b28feaf6d,incremental3,ok,ok,0.2677040419075638,0.27955416589975357,1.044265764191493,46.421875,46.65625,True,,
model,models/modk/1mod2-regular-graph.wfomcs/n2,models/modk/1mod2-regular-graph.wfomcs,model,default,2,adc5ea546da311e7d3b19ee75f51ec3868c2b89dc65a255b82ab43919b7984b5,fastv2,error,error,,,,49.625,50.921875,,UnsupportedFeatureError: fastv2 does not support mod counting,UnsupportedFeatureError: fastv2 does not support mod counting
model,models/modk/1mod2-regular-graph.wfomcs/n2,models/modk/1mod2-regular-graph.wfomcs,model,default,2,adc5ea546da311e7d3b19ee75f51ec3868c2b89dc65a255b82ab43919b7984b5,incremental3,ok,ok,0.035679166903719306,0.041505792178213596,1.1633060909246429,44.0625,45.1875,True,,
model,models/modk/1mod2-regular-graph.wfomcs/n4,models/modk/1mod2-regular-graph.wfomcs,model,default,4,a04ebdac0d3b4575487d602f573a8472e1ac94b4368386e9047f63ef3487e07b,fastv2,error,error,,,,49.5,50.09375,,UnsupportedFeatureError: fastv2 does not support mod counting,UnsupportedFeatureError: fastv2 does not support mod counting
model,models/modk/1mod2-regular-graph.wfomcs/n4,models/modk/1mod2-regular-graph.wfomcs,model,default,4,a04ebdac0d3b4575487d602f573a8472e1ac94b4368386e9047f63ef3487e07b,incremental3,ok,ok,0.0350099999923259,0.04042033292353153,1.1545367875575996,44.09375,45.375,True,,
model,models/modk/1mod2-regular-graph.wfomcs/n8,models/modk/1mod2-regular-graph.wfomcs,model,default,8,701edf36089ecc387ddbe65ec6cd57fc5fdfba63f81489d48b307d691e8d4fe9,fastv2,error,error,,,,51.03125,51.03125,,UnsupportedFeatureError: fastv2 does not support mod counting,UnsupportedFeatureError: fastv2 does not support mod counting
model,models/modk/1mod2-regular-graph.wfomcs/n8,models/modk/1mod2-regular-graph.wfomcs,model,default,8,701edf36089ecc387ddbe65ec6cd57fc5fdfba63f81489d48b307d691e8d4fe9,incremental3,ok,ok,0.03585304203443229,0.044446750078350306,1.2396925771504925,43.515625,44.03125,True,,
model,models/modk/1mod2-regular-graph.wfomcs/n16,models/modk/1mod2-regular-graph.wfomcs,model,default,16,f3bf85016a49eecbdbc4e24e32e0cc1f4a3b1cf130b8960e671150bd65f49530,fastv2,error,error,,,,49.3125,49.921875,,UnsupportedFeatureError: fastv2 does not support mod counting,UnsupportedFeatureError: fastv2 does not support mod counting
model,models/modk/1mod2-regular-graph.wfomcs/n16,models/modk/1mod2-regular-graph.wfomcs,model,default,16,f3bf85016a49eecbdbc4e24e32e0cc1f4a3b1cf130b8960e671150bd65f49530,incremental3,ok,ok,0.03842724999412894,0.043031792156398296,1.119824920153611,43.5625,45.1875,True,,
model,models/modk/1mod2-regular-graph.wfomcs/n32,models/modk/1mod2-regular-graph.wfomcs,model,default,32,f7e95ce89b4d31355a2d19928c954b0d5619d8731bac59c70c1c81811d6cc0bc,fastv2,error,error,,,,51.1875,51.25,,UnsupportedFeatureError: fastv2 does not support mod counting,UnsupportedFeatureError: fastv2 does not support mod counting
model,models/modk/1mod2-regular-graph.wfomcs/n32,models/modk/1mod2-regular-graph.wfomcs,model,default,32,f7e95ce89b4d31355a2d19928c954b0d5619d8731bac59c70c1c81811d6cc0bc,incremental3,ok,ok,0.054746916983276606,0.05715066706761718,1.0439065835446923,44.828125,45.046875,True,,
model,models/modk/1mod2-regular-graph.wfomcs/n64,models/modk/1mod2-regular-graph.wfomcs,model,default,64,43bd2c4e34556b6d6c7e6f313995ed69f35708651e80c91ac073bf8e95356fc8,fastv2,error,error,,,,49.984375,51.296875,,UnsupportedFeatureError: fastv2 does not support mod counting,UnsupportedFeatureError: fastv2 does not support mod counting
model,models/modk/1mod2-regular-graph.wfomcs/n64,models/modk/1mod2-regular-graph.wfomcs,model,default,64,43bd2c4e34556b6d6c7e6f313995ed69f35708651e80c91ac073bf8e95356fc8,incremental3,ok,ok,0.2908540000207722,0.27941916580311954,0.9606853121606166,46.46875,46.84375,True,,
model,models/modk/2mod4-regular-graph-sc2.wfomcs/n2,models/modk/2mod4-regular-graph-sc2.wfomcs,model,default,2,57e27cdc33a98a8e55983a960c991c2a8a3cccd865772f306658021a8d137646,fastv2,error,error,,,,51.140625,51.171875,,UnsupportedFeatureError: fastv2 does not support mod counting,UnsupportedFeatureError: fastv2 does not support mod counting
model,models/modk/2mod4-regular-graph-sc2.wfomcs/n2,models/modk/2mod4-regular-graph-sc2.wfomcs,model,default,2,57e27cdc33a98a8e55983a960c991c2a8a3cccd865772f306658021a8d137646,incremental3,ok,ok,0.03527362481690943,0.04074983298778534,1.155249373981285,43.359375,44.234375,True,,
model,models/modk/2mod4-regular-graph-sc2.wfomcs/n4,models/modk/2mod4-regular-graph-sc2.wfomcs,model,default,4,9418f8da7db33b6a2697659537e8a1f9cf667e06218e534b932390087347bfbe,fastv2,error,error,,,,50.9375,51.3125,,UnsupportedFeatureError: fastv2 does not support mod counting,UnsupportedFeatureError: fastv2 does not support mod counting
model,models/modk/2mod4-regular-graph-sc2.wfomcs/n4,models/modk/2mod4-regular-graph-sc2.wfomcs,model,default,4,9418f8da7db33b6a2697659537e8a1f9cf667e06218e534b932390087347bfbe,incremental3,ok,ok,0.036020500119775534,0.04160333308391273,1.1549904344907242,44.640625,41.6875,True,,
model,models/modk/2mod4-regular-graph-sc2.wfomcs/n8,models/modk/2mod4-regular-graph-sc2.wfomcs,model,default,8,e0037b38eb01e86a4b637923f70b8838181d360035b097143fe8c0348a6645c1,fastv2,error,error,,,,50.71875,50.546875,,UnsupportedFeatureError: fastv2 does not support mod counting,UnsupportedFeatureError: fastv2 does not support mod counting
model,models/modk/2mod4-regular-graph-sc2.wfomcs/n8,models/modk/2mod4-regular-graph-sc2.wfomcs,model,default,8,e0037b38eb01e86a4b637923f70b8838181d360035b097143fe8c0348a6645c1,incremental3,ok,ok,0.03927087504416704,0.041456792037934065,1.0556625486778324,41.8125,44.90625,True,,
model,models/modk/2mod4-regular-graph-sc2.wfomcs/n16,models/modk/2mod4-regular-graph-sc2.wfomcs,model,default,16,3aed61577d22dd92279ce658e87dd2970bc814b30ef1a8bf4e5b613af85e3158,fastv2,error,error,,,,50.59375,50.546875,,UnsupportedFeatureError: fastv2 does not support mod counting,UnsupportedFeatureError: fastv2 does not support mod counting
model,models/modk/2mod4-regular-graph-sc2.wfomcs/n16,models/modk/2mod4-regular-graph-sc2.wfomcs,model,default,16,3aed61577d22dd92279ce658e87dd2970bc814b30ef1a8bf4e5b613af85e3158,incremental3,ok,ok,0.11673866701312363,0.11694983299821615,1.0018088778165404,45.296875,45.578125,True,,
model,models/modk/2mod4-regular-graph-sc2.wfomcs/n32,models/modk/2mod4-regular-graph-sc2.wfomcs,model,default,32,6121a6ae70b9302bc42a71e5c7db9401374ce30cd3ef0c6f50bd311fe4607034,fastv2,error,error,,,,50.390625,52.4375,,UnsupportedFeatureError: fastv2 does not support mod counting,UnsupportedFeatureError: fastv2 does not support mod counting
model,models/modk/2mod4-regular-graph-sc2.wfomcs/n32,models/modk/2mod4-regular-graph-sc2.wfomcs,model,default,32,6121a6ae70b9302bc42a71e5c7db9401374ce30cd3ef0c6f50bd311fe4607034,incremental3,ok,ok,14.746057666838169,15.41034062486142,1.0450481730799908,50.0,50.96875,True,,
model,models/modk/2mod4-regular-graph-sc2.wfomcs/n64,models/modk/2mod4-regular-graph-sc2.wfomcs,model,default,64,3dc14abb9bd032bbb87e8f773bf71a7535b0f01b2dc64769c921e47cfdbd1ac7,fastv2,error,error,,,,50.609375,50.984375,,UnsupportedFeatureError: fastv2 does not support mod counting,UnsupportedFeatureError: fastv2 does not support mod counting
model,models/modk/2mod4-regular-graph-sc2.wfomcs/n64,models/modk/2mod4-regular-graph-sc2.wfomcs,model,default,64,3dc14abb9bd032bbb87e8f773bf71a7535b0f01b2dc64769c921e47cfdbd1ac7,incremental3,timeout,timeout,,,,57.25,57.765625,,exceeded 30.0s wall time,exceeded 30.0s wall time
model,models/modk/m-odd-degree-graph-sc2.wfomcs/n2,models/modk/m-odd-degree-graph-sc2.wfomcs,model,default,2,426d2be4a076e7566c6d07f6658964d338bfa3d507200dae0c4243a3b5812ac6,fastv2,error,error,,,,50.90625,50.03125,,UnsupportedFeatureError: fastv2 does not support mod counting,UnsupportedFeatureError: fastv2 does not support mod counting
model,models/modk/m-odd-degree-graph-sc2.wfomcs/n2,models/modk/m-odd-degree-graph-sc2.wfomcs,model,default,2,426d2be4a076e7566c6d07f6658964d338bfa3d507200dae0c4243a3b5812ac6,incremental3,ok,ok,0.05152762494981289,0.06613987497985363,1.2835808955734491,46.921875,44.921875,True,,
model,models/modk/m-odd-degree-graph-sc2.wfomcs/n4,models/modk/m-odd-degree-graph-sc2.wfomcs,model,default,4,490843d8499d17ccaf4dfbbdb6f3945edb27985181ac159604150cfe3511bfb1,fastv2,error,error,,,,47.5625,48.578125,,UnsupportedFeatureError: fastv2 does not support mod counting,UnsupportedFeatureError: fastv2 does not support mod counting
model,models/modk/m-odd-degree-graph-sc2.wfomcs/n4,models/modk/m-odd-degree-graph-sc2.wfomcs,model,default,4,490843d8499d17ccaf4dfbbdb6f3945edb27985181ac159604150cfe3511bfb1,incremental3,ok,ok,0.03935312503017485,0.0485775419510901,1.2344011285975949,46.578125,46.796875,True,,
model,models/modk/m-odd-degree-graph-sc2.wfomcs/n8,models/modk/m-odd-degree-graph-sc2.wfomcs,model,default,8,7d6ca6067e3e1441f47f64e1a59bf9bbc0e477976466a3c2ca44caf1303976fc,fastv2,error,error,,,,50.640625,48.21875,,UnsupportedFeatureError: fastv2 does not support mod counting,UnsupportedFeatureError: fastv2 does not support mod counting
model,models/modk/m-odd-degree-graph-sc2.wfomcs/n8,models/modk/m-odd-degree-graph-sc2.wfomcs,model,default,8,7d6ca6067e3e1441f47f64e1a59bf9bbc0e477976466a3c2ca44caf1303976fc,incremental3,ok,ok,0.06316741602495313,0.0671372499782592,1.0628462299571961,46.90625,46.59375,True,,
model,models/modk/m-odd-degree-graph-sc2.wfomcs/n16,models/modk/m-odd-degree-graph-sc2.wfomcs,model,default,16,f96291e0c20f014c25c56df2cc4f5d20a6621009d67faa101d2e310aa1a71831,fastv2,error,error,,,,49.046875,49.21875,,UnsupportedFeatureError: fastv2 does not support mod counting,UnsupportedFeatureError: fastv2 does not support mod counting
model,models/modk/m-odd-degree-graph-sc2.wfomcs/n16,models/modk/m-odd-degree-graph-sc2.wfomcs,model,default,16,f96291e0c20f014c25c56df2cc4f5d20a6621009d67faa101d2e310aa1a71831,incremental3,ok,ok,0.358327167108655,0.36448120907880366,1.017174366152044,49.578125,48.828125,True,,
model,models/modk/m-odd-degree-graph-sc2.wfomcs/n32,models/modk/m-odd-degree-graph-sc2.wfomcs,model,default,32,fad3d92fc2eb2a1e4c991eacd329c3424fb24f9614ff11d15494d473438e4768,fastv2,error,error,,,,50.625,51.921875,,UnsupportedFeatureError: fastv2 does not support mod counting,UnsupportedFeatureError: fastv2 does not support mod counting
model,models/modk/m-odd-degree-graph-sc2.wfomcs/n32,models/modk/m-odd-degree-graph-sc2.wfomcs,model,default,32,fad3d92fc2eb2a1e4c991eacd329c3424fb24f9614ff11d15494d473438e4768,incremental3,ok,ok,6.0516071249730885,6.106379332952201,1.0090508532441052,85.484375,86.53125,True,,
model,models/modk/m-odd-degree-graph-sc2.wfomcs/n64,models/modk/m-odd-degree-graph-sc2.wfomcs,model,default,64,5f6c67279a780ad46abc1d06c9a2210656dccd1da768ce876532435a3daf6efd,fastv2,error,error,,,,51.453125,51.078125,,UnsupportedFeatureError: fastv2 does not support mod counting,UnsupportedFeatureError: fastv2 does not support mod counting
model,models/modk/m-odd-degree-graph-sc2.wfomcs/n64,models/modk/m-odd-degree-graph-sc2.wfomcs,model,default,64,5f6c67279a780ad46abc1d06c9a2210656dccd1da768ce876532435a3daf6efd,incremental3,timeout,timeout,,,,541.0625,487.078125,,exceeded 30.0s wall time,exceeded 30.0s wall time
model,models/modk/max2-regular-graph.wfomcs/n2,models/modk/max2-regular-graph.wfomcs,model,default,2,a2e73d590dade2ce03297354653d070ed54c9048e32eb322f77a98d886b23f5b,fastv2,error,error,,,,51.265625,51.421875,,ValueError: Counting sections not reducible to UFO2 + cardinality,ValueError: Counting sections not reducible to UFO2 + cardinality
model,models/modk/max2-regular-graph.wfomcs/n2,models/modk/max2-regular-graph.wfomcs,model,default,2,a2e73d590dade2ce03297354653d070ed54c9048e32eb322f77a98d886b23f5b,incremental3,ok,ok,0.049295749980956316,0.059137542033568025,1.1996478815397624,41.421875,42.765625,True,,
model,models/modk/max2-regular-graph.wfomcs/n4,models/modk/max2-regular-graph.wfomcs,model,default,4,5297ecf2f3d1ec1307244906210f5b06f90a4c4c618308f14b3e5a7fdb8122a4,fastv2,error,error,,,,49.765625,51.265625,,ValueError: Counting sections not reducible to UFO2 + cardinality,ValueError: Counting sections not reducible to UFO2 + cardinality
model,models/modk/max2-regular-graph.wfomcs/n4,models/modk/max2-regular-graph.wfomcs,model,default,4,5297ecf2f3d1ec1307244906210f5b06f90a4c4c618308f14b3e5a7fdb8122a4,incremental3,ok,ok,0.0355680410284549,0.039927458157762885,1.1225655673816952,44.3125,44.5625,True,,
model,models/modk/max2-regular-graph.wfomcs/n8,models/modk/max2-regular-graph.wfomcs,model,default,8,fcc6f7c66d31a42368bbf66a66085fa9bb4ce3f76ead0bf4745b4140852b4cb4,fastv2,error,error,,,,49.40625,51.1875,,ValueError: Counting sections not reducible to UFO2 + cardinality,ValueError: Counting sections not reducible to UFO2 + cardinality
model,models/modk/max2-regular-graph.wfomcs/n8,models/modk/max2-regular-graph.wfomcs,model,default,8,fcc6f7c66d31a42368bbf66a66085fa9bb4ce3f76ead0bf4745b4140852b4cb4,incremental3,ok,ok,0.036187083926051855,0.04142899997532368,1.1448559950280508,42.640625,43.5,True,,
model,models/modk/max2-regular-graph.wfomcs/n16,models/modk/max2-regular-graph.wfomcs,model,default,16,87f72e49de6c4dea810551f6933319b1a86bea9476b7e1d8f9ca68cc88a914cb,fastv2,error,error,,,,49.828125,50.65625,,ValueError: Counting sections not reducible to UFO2 + cardinality,ValueError: Counting sections not reducible to UFO2 + cardinality
model,models/modk/max2-regular-graph.wfomcs/n16,models/modk/max2-regular-graph.wfomcs,model,default,16,87f72e49de6c4dea810551f6933319b1a86bea9476b7e1d8f9ca68cc88a914cb,incremental3,ok,ok,0.04099691589362919,0.04216045793145895,1.0283812089877367,44.078125,44.515625,True,,
model,models/modk/max2-regular-graph.wfomcs/n32,models/modk/max2-regular-graph.wfomcs,model,default,32,cc61bee9a40516815dcc64afc7f9f546bc00812295107acdcee2afe86a61106a,fastv2,error,error,,,,49.9375,51.0625,,ValueError: Counting sections not reducible to UFO2 + cardinality,ValueError: Counting sections not reducible to UFO2 + cardinality
model,models/modk/max2-regular-graph.wfomcs/n32,models/modk/max2-regular-graph.wfomcs,model,default,32,cc61bee9a40516815dcc64afc7f9f546bc00812295107acdcee2afe86a61106a,incremental3,ok,ok,0.04195516696199775,0.04656808287836611,1.109948696439384,44.203125,44.90625,True,,
model,models/modk/max2-regular-graph.wfomcs/n64,models/modk/max2-regular-graph.wfomcs,model,default,64,95358bbc6d8230286293bf0adb31577f4cafa5e5168b0c9803316f73c064d193,fastv2,error,error,,,,50.234375,51.171875,,ValueError: Counting sections not reducible to UFO2 + cardinality,ValueError: Counting sections not reducible to UFO2 + cardinality
model,models/modk/max2-regular-graph.wfomcs/n64,models/modk/max2-regular-graph.wfomcs,model,default,64,95358bbc6d8230286293bf0adb31577f4cafa5e5168b0c9803316f73c064d193,incremental3,ok,ok,0.0721912500448525,0.07586495904251933,1.0508885633007374,45.609375,46.390625,True,,
model,models/molecule.mln/n2,models/molecule.mln,model,default,2,c2ba33febe19e13e3b2b3ffe965f2ecd3f4a8b73797f13b45b7a0f67071fe722,fastv2,ok,ok,0.06770162493921816,0.07184120896272361,1.0611445297985378,52.484375,51.078125,True,,
model,models/molecule.mln/n2,models/molecule.mln,model,default,2,c2ba33febe19e13e3b2b3ffe965f2ecd3f4a8b73797f13b45b7a0f67071fe722,incremental3,ok,ok,0.038608500035479665,0.04187133279629052,1.084510736180179,43.1875,43.515625,True,,
model,models/molecule.mln/n4,models/molecule.mln,model,default,4,c9653d1d743e983cdc890c2c7c5247148e0d4245e59e541db6c1d87ca626c7b3,fastv2,ok,ok,0.06334925000555813,0.06764758285135031,1.0678513612302443,48.90625,51.5625,True,,
model,models/molecule.mln/n4,models/molecule.mln,model,default,4,c9653d1d743e983cdc890c2c7c5247148e0d4245e59e541db6c1d87ca626c7b3,incremental3,ok,ok,0.03631699993275106,0.04157375008799136,1.1447462666237391,43.78125,43.4375,True,,
model,models/molecule.mln/n8,models/molecule.mln,model,default,8,f16e662b731bf4a096b22068f0996dbabe036f496477fa8359e0c5846f5ca77e,fastv2,ok,ok,0.06263375002890825,0.06571129080839455,1.04913550247376,48.859375,53.0,True,,
model,models/molecule.mln/n8,models/molecule.mln,model,default,8,f16e662b731bf4a096b22068f0996dbabe036f496477fa8359e0c5846f5ca77e,incremental3,ok,ok,0.037521665915846825,0.04235137510113418,1.1287178771891253,46.125,44.40625,True,,
model,models/molecule.mln/n16,models/molecule.mln,model,default,16,4258abe6472a35dd774bafe882deb3176fe8fd4e1139abe608e7ee6c9c489d02,fastv2,ok,ok,0.06953691714443266,0.07543958281166852,1.084885351689889,49.03125,51.3125,True,,
model,models/molecule.mln/n16,models/molecule.mln,model,default,16,4258abe6472a35dd774bafe882deb3176fe8fd4e1139abe608e7ee6c9c489d02,incremental3,ok,ok,0.04059054213576019,0.04674704116769135,1.1516732398237002,48.140625,44.078125,True,,
model,models/molecule.mln/n32,models/molecule.mln,model,default,32,6c00cba2bef07df6e3aa0216f0b65f39155251018fc910ea42fe0a7f8e348936,fastv2,ok,ok,0.1728707910515368,0.1825462500564754,1.0559693106399572,95.15625,105.53125,True,,
model,models/molecule.mln/n32,models/molecule.mln,model,default,32,6c00cba2bef07df6e3aa0216f0b65f39155251018fc910ea42fe0a7f8e348936,incremental3,ok,ok,0.3559662918560207,0.3439615829847753,0.9662757144541625,147.65625,144.5,True,,
model,models/molecule.mln/n64,models/molecule.mln,model,default,64,45fb3444d6a7f3d0f7f43f24491174757d81623c42021095349166bd13d72ebd,fastv2,ok,ok,10.572008125018328,10.92017954098992,1.0329333284513522,642.09375,669.640625,True,,
model,models/molecule.mln/n64,models/molecule.mln,model,default,64,45fb3444d6a7f3d0f7f43f24491174757d81623c42021095349166bd13d72ebd,incremental3,timeout,timeout,,,,498.5,661.546875,,exceeded 30.0s wall time,exceeded 30.0s wall time
model,models/nonisolated_graph.wfomcs/n2,models/nonisolated_graph.wfomcs,model,default,2,5698319f1092b3eea99844f3a7c9bc1b398ac442f0c5aaff480485ffc691eee8,fastv2,ok,ok,0.12263954081572592,0.13603849988430738,1.1092548046042858,50.171875,51.6875,True,,
model,models/nonisolated_graph.wfomcs/n2,models/nonisolated_graph.wfomcs,model,default,2,5698319f1092b3eea99844f3a7c9bc1b398ac442f0c5aaff480485ffc691eee8,incremental3,ok,ok,0.04889091686345637,0.059673457872122526,1.2205428267745495,42.71875,44.859375,True,,
model,models/nonisolated_graph.wfomcs/n4,models/nonisolated_graph.wfomcs,model,default,4,60487402a068797748e9e32131b1729e7a83bbaa76e0821c6929f7c3e1a32a3d,fastv2,ok,ok,0.06456950004212558,0.06396854086779058,0.9906928321584815,51.515625,51.375,True,,
model,models/nonisolated_graph.wfomcs/n4,models/nonisolated_graph.wfomcs,model,default,4,60487402a068797748e9e32131b1729e7a83bbaa76e0821c6929f7c3e1a32a3d,incremental3,ok,ok,0.03443870902992785,0.03992541693150997,1.1593180480956495,44.34375,44.328125,True,,
model,models/nonisolated_graph.wfomcs/n8,models/nonisolated_graph.wfomcs,model,default,8,b97941969437ebd3f6f9e6183ce846ac7d95cd5c4af01276ea4d82fed51adeda,fastv2,ok,ok,0.09982508304528892,0.06402608403004706,0.6413827274353433,52.015625,51.625,True,,
model,models/nonisolated_graph.wfomcs/n8,models/nonisolated_graph.wfomcs,model,default,8,b97941969437ebd3f6f9e6183ce846ac7d95cd5c4af01276ea4d82fed51adeda,incremental3,ok,ok,0.03821241622790694,0.043685708194971085,1.1432333389864768,43.921875,44.765625,True,,
model,models/nonisolated_graph.wfomcs/n16,models/nonisolated_graph.wfomcs,model,default,16,cfcde3242656bb50bb7b65ea5251458ca50e2762506fbbf0fc85a34123422e74,fastv2,ok,ok,0.07413799990899861,0.06978349993005395,0.941264938570104,52.28125,52.21875,True,,
model,models/nonisolated_graph.wfomcs/n16,models/nonisolated_graph.wfomcs,model,default,16,cfcde3242656bb50bb7b65ea5251458ca50e2762506fbbf0fc85a34123422e74,incremental3,ok,ok,0.06740637519396842,0.04849987500347197,0.7195146581300189,45.03125,44.84375,True,,
model,models/nonisolated_graph.wfomcs/n32,models/nonisolated_graph.wfomcs,model,default,32,7b3f1d6499b7ba4ab578ff0ad8b0bbc2694c489a798e025521149b8206c8acad,fastv2,ok,ok,0.11265512485988438,0.06895645800977945,0.6121022731592952,51.828125,51.671875,True,,
model,models/nonisolated_graph.wfomcs/n32,models/nonisolated_graph.wfomcs,model,default,32,7b3f1d6499b7ba4ab578ff0ad8b0bbc2694c489a798e025521149b8206c8acad,incremental3,ok,ok,0.14017858286388218,0.13385845813900232,0.9549137636024121,47.15625,47.6875,True,,
model,models/nonisolated_graph.wfomcs/n64,models/nonisolated_graph.wfomcs,model,default,64,f9ee8b9d223a5e1608b127a89275998acd2523c74de134d3f56af4668a90d210,fastv2,ok,ok,0.07348212506622076,0.06906362506560981,0.9398697302693808,50.4375,52.5,True,,
model,models/nonisolated_graph.wfomcs/n64,models/nonisolated_graph.wfomcs,model,default,64,f9ee8b9d223a5e1608b127a89275998acd2523c74de134d3f56af4668a90d210,incremental3,ok,ok,1.523684750078246,1.2877243750263005,0.8451383233704819,71.921875,71.6875,True,,
model,models/partition.wfomcs/n2,models/partition.wfomcs,model,default,2,d6012c1da71c4d0f7d3ddc0c960d3ea6be32e86b5e97e85d07d4ada38a1d45af,fastv2,ok,ok,0.06738137500360608,0.17555412487126887,2.6053805649094226,50.34375,51.6875,True,,
model,models/partition.wfomcs/n2,models/partition.wfomcs,model,default,2,d6012c1da71c4d0f7d3ddc0c960d3ea6be32e86b5e97e85d07d4ada38a1d45af,incremental3,ok,ok,0.03615449997596443,0.04072812502272427,1.1265022348476788,45.015625,40.578125,True,,
model,models/partition.wfomcs/n4,models/partition.wfomcs,model,default,4,0d2443996e441159c60c44ebf37dd918e9129ca5abccb6ed1627d18bd713b3ca,fastv2,ok,ok,0.06265333411283791,0.06652183295227587,1.0617445008189164,51.953125,52.296875,True,,
model,models/partition.wfomcs/n4,models/partition.wfomcs,model,default,4,0d2443996e441159c60c44ebf37dd918e9129ca5abccb6ed1627d18bd713b3ca,incremental3,ok,ok,0.040136541007086635,0.0418181661516428,1.0418976100670772,43.21875,45.890625,True,,
model,models/partition.wfomcs/n8,models/partition.wfomcs,model,default,8,9d6766dfd42c4d5e288f794ee65cc2773ef684ce59fe1d4930a5d2e5dac5d40d,fastv2,ok,ok,0.06034516612999141,0.06859924993477762,1.1367811928300242,51.890625,52.453125,True,,
model,models/partition.wfomcs/n8,models/partition.wfomcs,model,default,8,9d6766dfd42c4d5e288f794ee65cc2773ef684ce59fe1d4930a5d2e5dac5d40d,incremental3,ok,ok,0.04178145807236433,0.04539108299650252,1.086392986043867,43.21875,44.28125,True,,
model,models/partition.wfomcs/n16,models/partition.wfomcs,model,default,16,36068e417ca9425b9189295bbe683f2823ff95f09a8624700da44ffec5c17154,fastv2,ok,ok,0.06796387489885092,0.06844841688871384,1.007129405004998,50.3125,52.5625,True,,
model,models/partition.wfomcs/n16,models/partition.wfomcs,model,default,16,36068e417ca9425b9189295bbe683f2823ff95f09a8624700da44ffec5c17154,incremental3,ok,ok,0.046431458089500666,0.05112399999052286,1.1010638496852052,43.875,45.9375,True,,
model,models/partition.wfomcs/n32,models/partition.wfomcs,model,default,32,d407150565d5a3b2c2dbfe2a685ff95ee56be2784d654c56dbe3a94e80b19983,fastv2,ok,ok,0.06422283290885389,0.0667261250782758,1.0389782271513097,52.328125,50.640625,True,,
model,models/partition.wfomcs/n32,models/partition.wfomcs,model,default,32,d407150565d5a3b2c2dbfe2a685ff95ee56be2784d654c56dbe3a94e80b19983,incremental3,ok,ok,0.09929300006479025,0.10657766601070762,1.0733653524534863,48.234375,47.5,True,,
model,models/partition.wfomcs/n64,models/partition.wfomcs,model,default,64,b549eaa409c28794cb201379caf3c80336611086b8286ec7c9968991a52505c6,fastv2,ok,ok,0.06030133389867842,0.07318291696719825,1.2136202010085575,52.640625,50.625,True,,
model,models/partition.wfomcs/n64,models/partition.wfomcs,model,default,64,b549eaa409c28794cb201379caf3c80336611086b8286ec7c9968991a52505c6,incremental3,ok,ok,0.5016301248688251,0.5161228750366718,1.0288913074581325,70.96875,71.40625,True,,
model,models/permutation-no-fix-sc2.wfomcs/n2,models/permutation-no-fix-sc2.wfomcs,model,default,2,b441b6f92c326a74c9cb1a7dae1efb3c0fbf8a20cce0813faeac0d6cf7618ef3,fastv2,ok,ok,0.06467033294029534,0.07044216711074114,1.0892501075535586,52.421875,51.546875,True,,
model,models/permutation-no-fix-sc2.wfomcs/n2,models/permutation-no-fix-sc2.wfomcs,model,default,2,b441b6f92c326a74c9cb1a7dae1efb3c0fbf8a20cce0813faeac0d6cf7618ef3,incremental3,ok,ok,0.03593125008046627,0.039967000018805265,1.1123186621478833,44.3125,44.5625,True,,
model,models/permutation-no-fix-sc2.wfomcs/n4,models/permutation-no-fix-sc2.wfomcs,model,default,4,7408a5c59cffcb40238034fe05184de4ebc1aa9219e33470dbe4dd1bd16185e2,fastv2,ok,ok,0.06154358293861151,0.06810791697353125,1.106661551399559,50.984375,52.34375,True,,
model,models/permutation-no-fix-sc2.wfomcs/n4,models/permutation-no-fix-sc2.wfomcs,model,default,4,7408a5c59cffcb40238034fe05184de4ebc1aa9219e33470dbe4dd1bd16185e2,incremental3,ok,ok,0.035441625164821744,0.04028820898383856,1.136748351591602,44.71875,43.984375,True,,
model,models/permutation-no-fix-sc2.wfomcs/n8,models/permutation-no-fix-sc2.wfomcs,model,default,8,a8b9ae657a23c233a2941330006ca164d23c52569e7b4a9ba67deffa00183994,fastv2,ok,ok,0.06808591680601239,0.06745095807127655,0.9906741545899287,52.59375,52.625,True,,
model,models/permutation-no-fix-sc2.wfomcs/n8,models/permutation-no-fix-sc2.wfomcs,model,default,8,a8b9ae657a23c233a2941330006ca164d23c52569e7b4a9ba67deffa00183994,incremental3,ok,ok,0.03680750005878508,0.04111254191957414,1.1169609958273041,44.90625,44.625,True,,
model,models/permutation-no-fix-sc2.wfomcs/n16,models/permutation-no-fix-sc2.wfomcs,model,default,16,dc7b6a2d47cecea41f5a92e0b4e65b393479b1a07a1f0d00ae1b9dc6a857f745,fastv2,ok,ok,0.07710524997673929,0.08108479180373251,1.0516118140878055,52.609375,52.765625,True,,
model,models/permutation-no-fix-sc2.wfomcs/n16,models/permutation-no-fix-sc2.wfomcs,model,default,16,dc7b6a2d47cecea41f5a92e0b4e65b393479b1a07a1f0d00ae1b9dc6a857f745,incremental3,ok,ok,0.03615287505090237,0.04097945895045996,1.1335048427756265,43.640625,43.640625,True,,
model,models/permutation-no-fix-sc2.wfomcs/n32,models/permutation-no-fix-sc2.wfomcs,model,default,32,8d7f4a664dea5b89167ef224f1426c071980f42d7732aef5c333a85f22b79ec6,fastv2,ok,ok,0.1517482919152826,0.15438887500204146,1.017401072878191,52.875,52.984375,True,,
model,models/permutation-no-fix-sc2.wfomcs/n32,models/permutation-no-fix-sc2.wfomcs,model,default,32,8d7f4a664dea5b89167ef224f1426c071980f42d7732aef5c333a85f22b79ec6,incremental3,ok,ok,0.04250195808708668,0.040997917065396905,0.9646124298883363,44.40625,42.640625,True,,
model,models/permutation-no-fix-sc2.wfomcs/n64,models/permutation-no-fix-sc2.wfomcs,model,default,64,ae7c4713407c939abbcc57ec6fb6b99b5dafadb594b8fe16b566305b79dc7c28,fastv2,ok,ok,1.2690457499120384,1.2575387498363853,0.9909325569417409,53.296875,53.75,True,,
model,models/permutation-no-fix-sc2.wfomcs/n64,models/permutation-no-fix-sc2.wfomcs,model,default,64,ae7c4713407c939abbcc57ec6fb6b99b5dafadb594b8fe16b566305b79dc7c28,incremental3,ok,ok,0.03775349981151521,0.04467308288440108,1.1832832216200344,43.109375,42.625,True,,
model,models/permutation-no-fix.wfomcs/n2,models/permutation-no-fix.wfomcs,model,default,2,951a491fa5659119e7bb92fea3480231291e040db72ade9d6c9939738d3fb45d,fastv2,ok,ok,0.06340741598978639,0.07911250018514693,1.2476852896495625,48.703125,52.703125,True,,
model,models/permutation-no-fix.wfomcs/n2,models/permutation-no-fix.wfomcs,model,default,2,951a491fa5659119e7bb92fea3480231291e040db72ade9d6c9939738d3fb45d,incremental3,ok,ok,0.04258304205723107,0.04480087500996888,1.052082539095189,44.4375,44.078125,True,,
model,models/permutation-no-fix.wfomcs/n4,models/permutation-no-fix.wfomcs,model,default,4,0669d04f41099b54f9e1ab2a033a50b97a60d0ed2f66c1797885958571d6471b,fastv2,ok,ok,0.07108741719275713,0.08020195900462568,1.128215965241134,52.109375,53.125,True,,
model,models/permutation-no-fix.wfomcs/n4,models/permutation-no-fix.wfomcs,model,default,4,0669d04f41099b54f9e1ab2a033a50b97a60d0ed2f66c1797885958571d6471b,incremental3,ok,ok,0.04568612505681813,0.047207208117470145,1.0332942016588254,44.140625,46.078125,True,,
model,models/permutation-no-fix.wfomcs/n8,models/permutation-no-fix.wfomcs,model,default,8,1e71a5f82f8dcffd3f58e55e901a38599e8907435b1912345f4f2b1782634284,fastv2,ok,ok,0.07281762501224875,0.07253050012513995,0.9960569314494876,52.25,49.375,True,,
model,models/permutation-no-fix.wfomcs/n8,models/permutation-no-fix.wfomcs,model,default,8,1e71a5f82f8dcffd3f58e55e901a38599e8907435b1912345f4f2b1782634284,incremental3,ok,ok,0.12791783409193158,0.10806833393871784,0.8448261706890037,46.703125,46.375,True,,
model,models/permutation-no-fix.wfomcs/n16,models/permutation-no-fix.wfomcs,model,default,16,bff21166a797d9b7f809bb244efb2311cd9e0f435c469a322cfb25fe028ad8d6,fastv2,ok,ok,0.07410158310085535,0.07979754218831658,1.076866901476434,52.0,52.578125,True,,
model,models/permutation-no-fix.wfomcs/n16,models/permutation-no-fix.wfomcs,model,default,16,bff21166a797d9b7f809bb244efb2311cd9e0f435c469a322cfb25fe028ad8d6,incremental3,ok,ok,3.9421987920068204,3.7711394999641925,0.9566081516768087,50.65625,50.890625,True,,
model,models/permutation-no-fix.wfomcs/n32,models/permutation-no-fix.wfomcs,model,default,32,0650cb7158033635df1e6646a9563a08ca692eb0c11c4ece0e3a5372121af0e9,fastv2,ok,ok,0.12627908401191235,0.12572479201480746,0.9956105795235844,52.390625,52.890625,True,,
model,models/permutation-no-fix.wfomcs/n32,models/permutation-no-fix.wfomcs,model,default,32,0650cb7158033635df1e6646a9563a08ca692eb0c11c4ece0e3a5372121af0e9,incremental3,timeout,timeout,,,,95.828125,92.3125,,exceeded 30.0s wall time,exceeded 30.0s wall time
model,models/permutation-no-fix.wfomcs/n64,models/permutation-no-fix.wfomcs,model,default,64,23b2ae50b02df774e55d6cfa8cb9751c32b5bf0572abdb104504c1a7fb497367,fastv2,skipped-after-resource,skipped-after-resource,,,,,,,a smaller domain in this series hit a resource limit,a smaller domain in this series hit a resource limit
model,models/permutation-no-fix.wfomcs/n64,models/permutation-no-fix.wfomcs,model,default,64,23b2ae50b02df774e55d6cfa8cb9751c32b5bf0572abdb104504c1a7fb497367,incremental3,skipped-after-resource,skipped-after-resource,,,,,,,a smaller domain in this series hit a resource limit,a smaller domain in this series hit a resource limit
model,models/permutation.wfomcs/n2,models/permutation.wfomcs,model,default,2,300b8113a21f0c0291e092422511d57f9c82a4c65ce21407b69b7e14e2f56672,fastv2,ok,ok,0.12893804209306836,0.14021329209208488,1.0874470390273026,52.3125,50.765625,True,,
model,models/permutation.wfomcs/n2,models/permutation.wfomcs,model,default,2,300b8113a21f0c0291e092422511d57f9c82a4c65ce21407b69b7e14e2f56672,incremental3,ok,ok,0.052288749953731894,0.06090766587294638,1.164833084111611,44.71875,42.375,True,,
model,models/permutation.wfomcs/n4,models/permutation.wfomcs,model,default,4,f63c9adace5ba87b117db796a344ea86ed91a1d412c8ea1ab1c23f6dcad68fe3,fastv2,ok,ok,0.06267416686750948,0.07026233291253448,1.1210732654981446,51.984375,52.40625,True,,
model,models/permutation.wfomcs/n4,models/permutation.wfomcs,model,default,4,f63c9adace5ba87b117db796a344ea86ed91a1d412c8ea1ab1c23f6dcad68fe3,incremental3,ok,ok,0.034808874828740954,0.04214537516236305,1.210765224952474,44.125,44.328125,True,,
model,models/permutation.wfomcs/n8,models/permutation.wfomcs,model,default,8,5056496a14efbff4b9c1878a8d1acf63948d30f8ae9dde203f11794150637c74,fastv2,ok,ok,0.06617195787839592,0.2762986661400646,4.175464577424445,49.8125,52.328125,True,,
model,models/permutation.wfomcs/n8,models/permutation.wfomcs,model,default,8,5056496a14efbff4b9c1878a8d1acf63948d30f8ae9dde203f11794150637c74,incremental3,ok,ok,0.03866475005634129,0.04630654212087393,1.1976423500319338,44.328125,42.171875,True,,
model,models/permutation.wfomcs/n16,models/permutation.wfomcs,model,default,16,2b682cc3eca0690ae218c1f7dead236a85c69363cb2583549c4fd5045ba83d58,fastv2,ok,ok,0.09983458300121129,0.11716620903462172,1.1736034299176683,52.125,52.78125,True,,
model,models/permutation.wfomcs/n16,models/permutation.wfomcs,model,default,16,2b682cc3eca0690ae218c1f7dead236a85c69363cb2583549c4fd5045ba83d58,incremental3,ok,ok,0.036928542191162705,0.04142912500537932,1.1218727452310218,44.8125,44.890625,True,,
model,models/permutation.wfomcs/n32,models/permutation.wfomcs,model,default,32,9ddc0e45e489d6e99be9e5d64a39b8ed6be9f30a2d3157612186f3b33288ac85,fastv2,ok,ok,0.40556104108691216,0.41813895804807544,1.0310136223327917,52.96875,52.96875,True,,
model,models/permutation.wfomcs/n32,models/permutation.wfomcs,model,default,32,9ddc0e45e489d6e99be9e5d64a39b8ed6be9f30a2d3157612186f3b33288ac85,incremental3,ok,ok,0.04361133393831551,0.044946499867364764,1.0306151132854071,43.125,45.5,True,,
model,models/permutation.wfomcs/n64,models/permutation.wfomcs,model,default,64,9e51cfadc03d1bb44689575a9ef5269195525776f7ba87f5b099b62a40ebae8a,fastv2,ok,ok,5.256813500076532,5.263650208013132,1.0013005422270544,54.03125,53.9375,True,,
model,models/permutation.wfomcs/n64,models/permutation.wfomcs,model,default,64,9e51cfadc03d1bb44689575a9ef5269195525776f7ba87f5b099b62a40ebae8a,incremental3,ok,ok,0.04894983395934105,0.056129375007003546,1.1466714075807898,43.484375,44.953125,True,,
model,models/regular_graphs/2-regular-directed-graph.wfomcs/n2,models/regular_graphs/2-regular-directed-graph.wfomcs,model,default,2,75fe7d03e3bf4dff0ba2cf7cbf1f06ee8074911090f8b0bb13e82f3c866a6f06,fastv2,ok,ok,0.11498229089193046,0.1217307080514729,1.0586909262912942,54.6875,55.75,True,,
model,models/regular_graphs/2-regular-directed-graph.wfomcs/n2,models/regular_graphs/2-regular-directed-graph.wfomcs,model,default,2,75fe7d03e3bf4dff0ba2cf7cbf1f06ee8074911090f8b0bb13e82f3c866a6f06,incremental3,ok,ok,0.03541050013154745,0.04139491682872176,1.169001191029289,44.390625,45.21875,True,,
model,models/regular_graphs/2-regular-directed-graph.wfomcs/n4,models/regular_graphs/2-regular-directed-graph.wfomcs,model,default,4,edabb08c8db0590f64b0d247a341ed74e4b0950f9b96e2d56b50ad865709e51b,fastv2,ok,ok,0.09544287505559623,0.09715370903722942,1.0179252142251227,52.59375,52.609375,True,,
model,models/regular_graphs/2-regular-directed-graph.wfomcs/n4,models/regular_graphs/2-regular-directed-graph.wfomcs,model,default,4,edabb08c8db0590f64b0d247a341ed74e4b0950f9b96e2d56b50ad865709e51b,incremental3,ok,ok,0.03653787495568395,0.04052154184319079,1.1090284230360565,44.1875,44.421875,True,,
model,models/regular_graphs/2-regular-directed-graph.wfomcs/n8,models/regular_graphs/2-regular-directed-graph.wfomcs,model,default,8,22486852dc0db3b822a89b5246aa0b6cb23395da4f13146bf969eaf0530dcfcc,fastv2,ok,ok,0.43732470786198974,0.44476879201829433,1.0170218696142221,53.046875,53.8125,True,,
model,models/regular_graphs/2-regular-directed-graph.wfomcs/n8,models/regular_graphs/2-regular-directed-graph.wfomcs,model,default,8,22486852dc0db3b822a89b5246aa0b6cb23395da4f13146bf969eaf0530dcfcc,incremental3,ok,ok,0.04110479191876948,0.04585008299909532,1.1154437441187732,44.546875,45.21875,True,,
model,models/regular_graphs/2-regular-directed-graph.wfomcs/n16,models/regular_graphs/2-regular-directed-graph.wfomcs,model,default,16,7134db5c967ea4df8742f6cf178168d5c8ecbac764820277da7b3783bbf02a29,fastv2,ok,ok,28.084040750050917,27.77653450006619,0.9890504983694638,58.953125,61.4375,True,,
model,models/regular_graphs/2-regular-directed-graph.wfomcs/n16,models/regular_graphs/2-regular-directed-graph.wfomcs,model,default,16,7134db5c967ea4df8742f6cf178168d5c8ecbac764820277da7b3783bbf02a29,incremental3,ok,ok,0.22137624979950488,0.2320100839715451,1.0480351175054732,47.796875,47.671875,True,,
model,models/regular_graphs/2-regular-directed-graph.wfomcs/n32,models/regular_graphs/2-regular-directed-graph.wfomcs,model,default,32,28eaf4d9e185b6017aae056def4c09b3ab608fba3371427153b112cc999ee551,fastv2,timeout,timeout,,,,54.0625,54.203125,,exceeded 30.0s wall time,exceeded 30.0s wall time
model,models/regular_graphs/2-regular-directed-graph.wfomcs/n32,models/regular_graphs/2-regular-directed-graph.wfomcs,model,default,32,28eaf4d9e185b6017aae056def4c09b3ab608fba3371427153b112cc999ee551,incremental3,ok,ok,3.7497230840381235,3.859352249884978,1.0292366031810523,105.78125,102.40625,True,,
model,models/regular_graphs/2-regular-directed-graph.wfomcs/n64,models/regular_graphs/2-regular-directed-graph.wfomcs,model,default,64,7c84067c989f83079318f244a1780424efbfd9625d5f4fd30e487135ab089dbc,fastv2,skipped-after-resource,skipped-after-resource,,,,,,,a smaller domain in this series hit a resource limit,a smaller domain in this series hit a resource limit
model,models/regular_graphs/2-regular-directed-graph.wfomcs/n64,models/regular_graphs/2-regular-directed-graph.wfomcs,model,default,64,7c84067c989f83079318f244a1780424efbfd9625d5f4fd30e487135ab089dbc,incremental3,skipped-after-resource,skipped-after-resource,,,,,,,a smaller domain in this series hit a resource limit,a smaller domain in this series hit a resource limit
model,models/regular_graphs/2-regular-graph-sc2.wfomcs/n2,models/regular_graphs/2-regular-graph-sc2.wfomcs,model,default,2,5c2e16fa59cbae0da9c3d10b87046135a7cfe96fd8cef30d9c10ff4083c11f80,fastv2,ok,ok,0.13929349998943508,0.13199837505817413,0.9476276715581542,49.984375,52.3125,True,,
model,models/regular_graphs/2-regular-graph-sc2.wfomcs/n2,models/regular_graphs/2-regular-graph-sc2.wfomcs,model,default,2,5c2e16fa59cbae0da9c3d10b87046135a7cfe96fd8cef30d9c10ff4083c11f80,incremental3,ok,ok,0.03657958400435746,0.04102333402261138,1.1214816991282506,44.828125,43.90625,True,,
model,models/regular_graphs/2-regular-graph-sc2.wfomcs/n4,models/regular_graphs/2-regular-graph-sc2.wfomcs,model,default,4,9eca4b1cc5c8de549403e83d89beead42961f28f8f5edd545c4d5849db921e43,fastv2,ok,ok,0.06598845799453557,0.06718029198236763,1.0180612492556012,50.515625,52.203125,True,,
model,models/regular_graphs/2-regular-graph-sc2.wfomcs/n4,models/regular_graphs/2-regular-graph-sc2.wfomcs,model,default,4,9eca4b1cc5c8de549403e83d89beead42961f28f8f5edd545c4d5849db921e43,incremental3,ok,ok,0.07528158300556242,0.0398803330026567,0.5297488630082342,45.015625,44.765625,True,,
model,models/regular_graphs/2-regular-graph-sc2.wfomcs/n8,models/regular_graphs/2-regular-graph-sc2.wfomcs,model,default,8,9bbb1fae8dfc6bd3052f6943903a4f15ff56d325dbdd5a45a79f86e39079f9c1,fastv2,ok,ok,0.0693163750693202,0.0743737081065774,1.0729601487700358,51.078125,52.5625,True,,
model,models/regular_graphs/2-regular-graph-sc2.wfomcs/n8,models/regular_graphs/2-regular-graph-sc2.wfomcs,model,default,8,9bbb1fae8dfc6bd3052f6943903a4f15ff56d325dbdd5a45a79f86e39079f9c1,incremental3,ok,ok,0.037651709048077464,0.040436041075736284,1.0739496851020363,44.40625,44.40625,True,,
model,models/regular_graphs/2-regular-graph-sc2.wfomcs/n16,models/regular_graphs/2-regular-graph-sc2.wfomcs,model,default,16,ae32c3ca2928b6a09bb9b20d4ec7e90b97bb7c2db24f47c15c82215f654b0d56,fastv2,ok,ok,0.08047445816919208,0.20603895909152925,2.560302532989366,52.5625,54.015625,True,,
model,models/regular_graphs/2-regular-graph-sc2.wfomcs/n16,models/regular_graphs/2-regular-graph-sc2.wfomcs,model,default,16,ae32c3ca2928b6a09bb9b20d4ec7e90b97bb7c2db24f47c15c82215f654b0d56,incremental3,ok,ok,0.03832770814187825,0.04286854201927781,1.1184739212840666,43.96875,42.53125,True,,
model,models/regular_graphs/2-regular-graph-sc2.wfomcs/n32,models/regular_graphs/2-regular-graph-sc2.wfomcs,model,default,32,eaf0a5e0d306881c9c204f6b88097408f24c9dfd75a395d503ca89f9ad521473,fastv2,ok,ok,0.13382787513546646,0.13937541702762246,1.0414528130745597,52.671875,52.59375,True,,
model,models/regular_graphs/2-regular-graph-sc2.wfomcs/n32,models/regular_graphs/2-regular-graph-sc2.wfomcs,model,default,32,eaf0a5e0d306881c9c204f6b88097408f24c9dfd75a395d503ca89f9ad521473,incremental3,ok,ok,0.038453416898846626,0.04148400016129017,1.078811806774301,44.875,45.21875,True,,
model,models/regular_graphs/2-regular-graph-sc2.wfomcs/n64,models/regular_graphs/2-regular-graph-sc2.wfomcs,model,default,64,e1806ae532d155bd9deb665b4064e739b3ee66a0086a9334274f539fe3ca3607,fastv2,ok,ok,1.0040617079939693,0.9929343750700355,0.9889176802228965,54.734375,54.4375,True,,
model,models/regular_graphs/2-regular-graph-sc2.wfomcs/n64,models/regular_graphs/2-regular-graph-sc2.wfomcs,model,default,64,e1806ae532d155bd9deb665b4064e739b3ee66a0086a9334274f539fe3ca3607,incremental3,ok,ok,0.04455074993893504,0.05175624997355044,1.1617368965616035,45.359375,46.1875,True,,
model,models/regular_graphs/3-regular-2-colored-graph.wfomcs/n2,models/regular_graphs/3-regular-2-colored-graph.wfomcs,model,default,2,c7e835c6c7f4f3c11d111df24efa6aecce46e830bcf7150ba06b753583c394d3,fastv2,ok,ok,0.10885166609659791,0.1177299169357866,1.0815628382877474,54.75,55.578125,True,,
model,models/regular_graphs/3-regular-2-colored-graph.wfomcs/n2,models/regular_graphs/3-regular-2-colored-graph.wfomcs,model,default,2,c7e835c6c7f4f3c11d111df24efa6aecce46e830bcf7150ba06b753583c394d3,incremental3,ok,ok,0.03563804109580815,0.04190529091283679,1.1758584261177536,44.78125,45.234375,True,,
model,models/regular_graphs/3-regular-2-colored-graph.wfomcs/n4,models/regular_graphs/3-regular-2-colored-graph.wfomcs,model,default,4,fa9da0caf65e9f39c2d341d9ca0a1ed79cf82c3c79335975cdfeb21fa246dc6d,fastv2,ok,ok,0.08383766608312726,0.08993929205462337,1.0727790533367922,52.65625,52.53125,True,,
model,models/regular_graphs/3-regular-2-colored-graph.wfomcs/n4,models/regular_graphs/3-regular-2-colored-graph.wfomcs,model,default,4,fa9da0caf65e9f39c2d341d9ca0a1ed79cf82c3c79335975cdfeb21fa246dc6d,incremental3,ok,ok,0.03550433297641575,0.040683708153665066,1.1458800868246077,44.09375,44.71875,True,,
model,models/regular_graphs/3-regular-2-colored-graph.wfomcs/n8,models/regular_graphs/3-regular-2-colored-graph.wfomcs,model,default,8,69ee0647b4b27a9f8f0b41ce85dfb17b211a235f1061e9569f2132f6561fe603,fastv2,ok,ok,0.09004108398221433,0.09479350014589727,1.0527805303257085,57.453125,52.5,True,,
model,models/regular_graphs/3-regular-2-colored-graph.wfomcs/n8,models/regular_graphs/3-regular-2-colored-graph.wfomcs,model,default,8,69ee0647b4b27a9f8f0b41ce85dfb17b211a235f1061e9569f2132f6561fe603,incremental3,ok,ok,0.0385172909591347,0.04233170906081796,1.0990313183170177,44.8125,45.265625,True,,
model,models/regular_graphs/3-regular-2-colored-graph.wfomcs/n16,models/regular_graphs/3-regular-2-colored-graph.wfomcs,model,default,16,cec9fd4f064cb91a9b130d5568715f647fee51a44507102533f82f232788a804,fastv2,ok,ok,0.17021224997006357,0.1660762089304626,0.9757006852307727,57.78125,52.765625,True,,
model,models/regular_graphs/3-regular-2-colored-graph.wfomcs/n16,models/regular_graphs/3-regular-2-colored-graph.wfomcs,model,default,16,cec9fd4f064cb91a9b130d5568715f647fee51a44507102533f82f232788a804,incremental3,ok,ok,0.04764391714707017,0.05197358294390142,1.0908755210757792,45.078125,45.953125,True,,
model,models/regular_graphs/3-regular-2-colored-graph.wfomcs/n32,models/regular_graphs/3-regular-2-colored-graph.wfomcs,model,default,32,7e917e46bec16c58cfb812178ebfa729e35057cdb4badadf985228076150a506,fastv2,ok,ok,1.5742910420522094,1.5352278330828995,0.9751867933400752,55.015625,54.765625,True,,
model,models/regular_graphs/3-regular-2-colored-graph.wfomcs/n32,models/regular_graphs/3-regular-2-colored-graph.wfomcs,model,default,32,7e917e46bec16c58cfb812178ebfa729e35057cdb4badadf985228076150a506,incremental3,ok,ok,0.27393645816482604,0.24276716681197286,0.8862170754427335,52.0625,51.609375,True,,
model,models/regular_graphs/3-regular-2-colored-graph.wfomcs/n64,models/regular_graphs/3-regular-2-colored-graph.wfomcs,model,default,64,d5bef1ed65000c2b75314ef76c2807724e0b486c977db2825ead647573040d74,fastv2,timeout,timeout,,,,58.171875,57.046875,,exceeded 30.0s wall time,exceeded 30.0s wall time
model,models/regular_graphs/3-regular-2-colored-graph.wfomcs/n64,models/regular_graphs/3-regular-2-colored-graph.wfomcs,model,default,64,d5bef1ed65000c2b75314ef76c2807724e0b486c977db2825ead647573040d74,incremental3,ok,ok,3.964232707861811,4.783489709021524,1.2066621869939607,140.875,129.15625,True,,
model,models/regular_graphs/3-regular-3-colored-graph.wfomcs/n2,models/regular_graphs/3-regular-3-colored-graph.wfomcs,model,default,2,a0e60ed9b10f30eabb9df267e535072524b12f451caf6c480f81246c3af46d4c,fastv2,ok,ok,0.2818540830630809,0.21681504184380174,0.7692457014904305,63.421875,63.578125,True,,
model,models/regular_graphs/3-regular-3-colored-graph.wfomcs/n2,models/regular_graphs/3-regular-3-colored-graph.wfomcs,model,default,2,a0e60ed9b10f30eabb9df267e535072524b12f451caf6c480f81246c3af46d4c,incremental3,ok,ok,0.03742108400911093,0.06882674992084503,1.839250565378805,44.234375,45.453125,True,,
model,models/regular_graphs/3-regular-3-colored-graph.wfomcs/n4,models/regular_graphs/3-regular-3-colored-graph.wfomcs,model,default,4,a0164fffea1cdda9df0f8c99dfe2740f26410156d33b39f1ae7644d58b20a11f,fastv2,ok,ok,0.12981133302673697,0.16430504200980067,1.2657218609407477,62.375,63.671875,True,,
model,models/regular_graphs/3-regular-3-colored-graph.wfomcs/n4,models/regular_graphs/3-regular-3-colored-graph.wfomcs,model,default,4,a0164fffea1cdda9df0f8c99dfe2740f26410156d33b39f1ae7644d58b20a11f,incremental3,ok,ok,0.039460791973397136,0.06152354180812836,1.5591056015704152,43.5625,46.734375,True,,
model,models/regular_graphs/3-regular-3-colored-graph.wfomcs/n8,models/regular_graphs/3-regular-3-colored-graph.wfomcs,model,default,8,a14fd022ae0faca7ff2abc76c24da1082cfd71ff7217e282242da6a7611a942f,fastv2,ok,ok,0.42183941695839167,0.47881750017404556,1.135070552738968,63.03125,64.3125,True,,
model,models/regular_graphs/3-regular-3-colored-graph.wfomcs/n8,models/regular_graphs/3-regular-3-colored-graph.wfomcs,model,default,8,a14fd022ae0faca7ff2abc76c24da1082cfd71ff7217e282242da6a7611a942f,incremental3,ok,ok,0.05244100000709295,0.06463395897299051,1.2325081322676605,45.796875,45.25,True,,
model,models/regular_graphs/3-regular-3-colored-graph.wfomcs/n16,models/regular_graphs/3-regular-3-colored-graph.wfomcs,model,default,16,fbe73552a263bcd43327c47593a1c134a8cdc879004cf895087fc11fe22a2216,fastv2,ok,ok,16.062686834018677,16.39622158301063,1.020764567748751,62.859375,64.125,True,,
model,models/regular_graphs/3-regular-3-colored-graph.wfomcs/n16,models/regular_graphs/3-regular-3-colored-graph.wfomcs,model,default,16,fbe73552a263bcd43327c47593a1c134a8cdc879004cf895087fc11fe22a2216,incremental3,ok,ok,1.148189750034362,1.0161760828923434,0.8850245204348255,65.421875,65.546875,True,,
model,models/regular_graphs/3-regular-3-colored-graph.wfomcs/n32,models/regular_graphs/3-regular-3-colored-graph.wfomcs,model,default,32,059453198f9668c36b104a41199e89f546c1255f78fa9d8ccbadab48e803f1e3,fastv2,timeout,timeout,,,,62.328125,63.59375,,exceeded 30.0s wall time,exceeded 30.0s wall time
model,models/regular_graphs/3-regular-3-colored-graph.wfomcs/n32,models/regular_graphs/3-regular-3-colored-graph.wfomcs,model,default,32,059453198f9668c36b104a41199e89f546c1255f78fa9d8ccbadab48e803f1e3,incremental3,timeout,timeout,,,,401.96875,436.5625,,exceeded 30.0s wall time,exceeded 30.0s wall time
model,models/regular_graphs/3-regular-3-colored-graph.wfomcs/n64,models/regular_graphs/3-regular-3-colored-graph.wfomcs,model,default,64,c72797e27e921fb4153d71e476ec6a9ac4c84aaaafa0e83523fe326015f3038f,fastv2,skipped-after-resource,skipped-after-resource,,,,,,,a smaller domain in this series hit a resource limit,a smaller domain in this series hit a resource limit
model,models/regular_graphs/3-regular-3-colored-graph.wfomcs/n64,models/regular_graphs/3-regular-3-colored-graph.wfomcs,model,default,64,c72797e27e921fb4153d71e476ec6a9ac4c84aaaafa0e83523fe326015f3038f,incremental3,skipped-after-resource,skipped-after-resource,,,,,,,a smaller domain in this series hit a resource limit,a smaller domain in this series hit a resource limit
model,models/regular_graphs/3-regular-4-colored-graph.wfomcs/n2,models/regular_graphs/3-regular-4-colored-graph.wfomcs,model,default,2,bfc0128588d424531dda762b20c674cdb958302fabcac3fd6ea8680cf41d3a1c,fastv2,ok,ok,0.20287620788440108,0.1922072919551283,0.9474116948432321,62.3125,62.90625,True,,
model,models/regular_graphs/3-regular-4-colored-graph.wfomcs/n2,models/regular_graphs/3-regular-4-colored-graph.wfomcs,model,default,2,bfc0128588d424531dda762b20c674cdb958302fabcac3fd6ea8680cf41d3a1c,incremental3,ok,ok,0.05682349996641278,0.06558975018560886,1.1542715641306438,44.0625,46.765625,True,,
model,models/regular_graphs/3-regular-4-colored-graph.wfomcs/n4,models/regular_graphs/3-regular-4-colored-graph.wfomcs,model,default,4,c32b284c6d3e8962025aa29a735579fac8a801c6faf51149413f5b2e10dfcfd5,fastv2,ok,ok,0.20922008296474814,0.2139074590522796,1.0224040446839955,62.5,62.625,True,,
model,models/regular_graphs/3-regular-4-colored-graph.wfomcs/n4,models/regular_graphs/3-regular-4-colored-graph.wfomcs,model,default,4,c32b284c6d3e8962025aa29a735579fac8a801c6faf51149413f5b2e10dfcfd5,incremental3,ok,ok,0.045943041099235415,0.04838554095476866,1.0531636521460894,45.046875,45.671875,True,,
model,models/regular_graphs/3-regular-4-colored-graph.wfomcs/n8,models/regular_graphs/3-regular-4-colored-graph.wfomcs,model,default,8,59d553096bbb27989236c4ecc6d3ee25ac1850aa1e53d4306cb9e12c59266559,fastv2,ok,ok,4.312136915978044,4.258993207942694,0.9876757837075086,63.796875,63.75,True,,
model,models/regular_graphs/3-regular-4-colored-graph.wfomcs/n8,models/regular_graphs/3-regular-4-colored-graph.wfomcs,model,default,8,59d553096bbb27989236c4ecc6d3ee25ac1850aa1e53d4306cb9e12c59266559,incremental3,ok,ok,0.10122554190456867,0.10463345795869827,1.033666562707488,46.625,47.625,True,,
model,models/regular_graphs/3-regular-4-colored-graph.wfomcs/n16,models/regular_graphs/3-regular-4-colored-graph.wfomcs,model,default,16,f8cff9210c8e7f384058ee079de9e0b287bdc25fef464626fc65c0b674b188cc,fastv2,timeout,timeout,,,,62.640625,69.203125,,exceeded 30.0s wall time,exceeded 30.0s wall time
model,models/regular_graphs/3-regular-4-colored-graph.wfomcs/n16,models/regular_graphs/3-regular-4-colored-graph.wfomcs,model,default,16,f8cff9210c8e7f384058ee079de9e0b287bdc25fef464626fc65c0b674b188cc,incremental3,ok,ok,27.35888533294201,26.37923499988392,0.9641926079540045,349.90625,362.640625,True,,
model,models/regular_graphs/3-regular-4-colored-graph.wfomcs/n32,models/regular_graphs/3-regular-4-colored-graph.wfomcs,model,default,32,ba4600bd3bd6a4ef99a5b8ca4dba306d1734f4fcafe3ffc7e73114020208acfa,fastv2,skipped-after-resource,skipped-after-resource,,,,,,,a smaller domain in this series hit a resource limit,a smaller domain in this series hit a resource limit
model,models/regular_graphs/3-regular-4-colored-graph.wfomcs/n32,models/regular_graphs/3-regular-4-colored-graph.wfomcs,model,default,32,ba4600bd3bd6a4ef99a5b8ca4dba306d1734f4fcafe3ffc7e73114020208acfa,incremental3,skipped-after-resource,skipped-after-resource,,,,,,,a smaller domain in this series hit a resource limit,a smaller domain in this series hit a resource limit
model,models/regular_graphs/3-regular-4-colored-graph.wfomcs/n64,models/regular_graphs/3-regular-4-colored-graph.wfomcs,model,default,64,10ffdcfb0b965ba70c809d62ae5b8afb7f5b75464f16c47c74de16af6d26a1c5,fastv2,skipped-after-resource,skipped-after-resource,,,,,,,a smaller domain in this series hit a resource limit,a smaller domain in this series hit a resource limit
model,models/regular_graphs/3-regular-4-colored-graph.wfomcs/n64,models/regular_graphs/3-regular-4-colored-graph.wfomcs,model,default,64,10ffdcfb0b965ba70c809d62ae5b8afb7f5b75464f16c47c74de16af6d26a1c5,incremental3,skipped-after-resource,skipped-after-resource,,,,,,,a smaller domain in this series hit a resource limit,a smaller domain in this series hit a resource limit
model,models/regular_graphs/3-regular-directed-graph.wfomcs/n2,models/regular_graphs/3-regular-directed-graph.wfomcs,model,default,2,f72a98a8e27c70eed69a48eba0d617751a1a831539eac2b7ede389ded09651cb,fastv2,ok,ok,0.20322566712275147,0.17805504193529487,0.8761444578147053,53.5625,53.78125,True,,
model,models/regular_graphs/3-regular-directed-graph.wfomcs/n2,models/regular_graphs/3-regular-directed-graph.wfomcs,model,default,2,f72a98a8e27c70eed69a48eba0d617751a1a831539eac2b7ede389ded09651cb,incremental3,ok,ok,0.051559166982769966,0.059081041952595115,1.1458882175567113,42.9375,42.640625,True,,
model,models/regular_graphs/3-regular-directed-graph.wfomcs/n4,models/regular_graphs/3-regular-directed-graph.wfomcs,model,default,4,ecddaae580329c8eb4ab64618d13b64358ef7f2daeb890bf28eada4c2eb4ca64,fastv2,ok,ok,0.3968054580036551,0.3855610000900924,0.9716625422187134,54.03125,55.890625,True,,
model,models/regular_graphs/3-regular-directed-graph.wfomcs/n4,models/regular_graphs/3-regular-directed-graph.wfomcs,model,default,4,ecddaae580329c8eb4ab64618d13b64358ef7f2daeb890bf28eada4c2eb4ca64,incremental3,ok,ok,0.03912279102951288,0.0416447501629591,1.0644626589024218,44.640625,45.203125,True,,
model,models/regular_graphs/3-regular-directed-graph.wfomcs/n8,models/regular_graphs/3-regular-directed-graph.wfomcs,model,default,8,fad46ce9cc8bde8e85061c9995235b401633636d3849e3e94bfebb0464bd3ca0,fastv2,timeout,timeout,,,,71.78125,86.5,,exceeded 30.0s wall time,exceeded 30.0s wall time
model,models/regular_graphs/3-regular-directed-graph.wfomcs/n8,models/regular_graphs/3-regular-directed-graph.wfomcs,model,default,8,fad46ce9cc8bde8e85061c9995235b401633636d3849e3e94bfebb0464bd3ca0,incremental3,ok,ok,0.14938958385027945,0.13527829200029373,0.905540322917505,46.75,46.546875,True,,
model,models/regular_graphs/3-regular-directed-graph.wfomcs/n16,models/regular_graphs/3-regular-directed-graph.wfomcs,model,default,16,629b1fbab0ba3f25cd8a9c54b4f9e8776884a12ad590fc268d0121edb18e789f,fastv2,skipped-after-resource,skipped-after-resource,,,,,,,a smaller domain in this series hit a resource limit,a smaller domain in this series hit a resource limit
model,models/regular_graphs/3-regular-directed-graph.wfomcs/n16,models/regular_graphs/3-regular-directed-graph.wfomcs,model,default,16,629b1fbab0ba3f25cd8a9c54b4f9e8776884a12ad590fc268d0121edb18e789f,incremental3,skipped-after-resource,skipped-after-resource,,,,,,,a smaller domain in this series hit a resource limit,a smaller domain in this series hit a resource limit
model,models/regular_graphs/3-regular-directed-graph.wfomcs/n32,models/regular_graphs/3-regular-directed-graph.wfomcs,model,default,32,5deec0c581c6a8d785c40e39cde32b5cc28a5ce117138ba349c9edab840da40d,fastv2,skipped-after-resource,skipped-after-resource,,,,,,,a smaller domain in this series hit a resource limit,a smaller domain in this series hit a resource limit
model,models/regular_graphs/3-regular-directed-graph.wfomcs/n32,models/regular_graphs/3-regular-directed-graph.wfomcs,model,default,32,5deec0c581c6a8d785c40e39cde32b5cc28a5ce117138ba349c9edab840da40d,incremental3,skipped-after-resource,skipped-after-resource,,,,,,,a smaller domain in this series hit a resource limit,a smaller domain in this series hit a resource limit
model,models/regular_graphs/3-regular-directed-graph.wfomcs/n64,models/regular_graphs/3-regular-directed-graph.wfomcs,model,default,64,5b0278710dfd7479e8c1cd93751e015e36777a937fd323614ff9c6e035ac710a,fastv2,skipped-after-resource,skipped-after-resource,,,,,,,a smaller domain in this series hit a resource limit,a smaller domain in this series hit a resource limit
model,models/regular_graphs/3-regular-directed-graph.wfomcs/n64,models/regular_graphs/3-regular-directed-graph.wfomcs,model,default,64,5b0278710dfd7479e8c1cd93751e015e36777a937fd323614ff9c6e035ac710a,incremental3,skipped-after-resource,skipped-after-resource,,,,,,,a smaller domain in this series hit a resource limit,a smaller domain in this series hit a resource limit
model,models/regular_graphs/3-regular-graph-sc2.wfomcs/n2,models/regular_graphs/3-regular-graph-sc2.wfomcs,model,default,2,91301f5a38d70ccc2607d4c23aac1d141d6e54fc40cdee7877bbb7e49e4e00b1,fastv2,ok,ok,0.1306927918922156,0.10885745892301202,0.8329262643098823,52.5,51.5625,True,,
model,models/regular_graphs/3-regular-graph-sc2.wfomcs/n2,models/regular_graphs/3-regular-graph-sc2.wfomcs,model,default,2,91301f5a38d70ccc2607d4c23aac1d141d6e54fc40cdee7877bbb7e49e4e00b1,incremental3,ok,ok,0.034816292114555836,0.03999516717158258,1.1487486099894475,44.515625,44.5,True,,
model,models/regular_graphs/3-regular-graph-sc2.wfomcs/n4,models/regular_graphs/3-regular-graph-sc2.wfomcs,model,default,4,eed53f52be43af443f5307ae05a37ac4a81b66b247da8dff2f80782e4a2aea22,fastv2,ok,ok,0.06422687484882772,0.06884241593070328,1.0718630805677416,51.34375,52.140625,True,,
model,models/regular_graphs/3-regular-graph-sc2.wfomcs/n4,models/regular_graphs/3-regular-graph-sc2.wfomcs,model,default,4,eed53f52be43af443f5307ae05a37ac4a81b66b247da8dff2f80782e4a2aea22,incremental3,ok,ok,0.03779845894314349,0.03990466706454754,1.055722063287612,44.453125,44.625,True,,
model,models/regular_graphs/3-regular-graph-sc2.wfomcs/n8,models/regular_graphs/3-regular-graph-sc2.wfomcs,model,default,8,87aa7663402da7f62f9d555d1c957d5c476f9a9fca17e66fbf58eb40d06abe69,fastv2,ok,ok,0.0783467919100076,0.07454191707074642,0.9514354736613643,52.890625,52.625,True,,
model,models/regular_graphs/3-regular-graph-sc2.wfomcs/n8,models/regular_graphs/3-regular-graph-sc2.wfomcs,model,default,8,87aa7663402da7f62f9d555d1c957d5c476f9a9fca17e66fbf58eb40d06abe69,incremental3,ok,ok,0.04267599992454052,0.04062187485396862,0.9518669726730717,45.21875,40.140625,True,,
model,models/regular_graphs/3-regular-graph-sc2.wfomcs/n16,models/regular_graphs/3-regular-graph-sc2.wfomcs,model,default,16,2bac16b9f457880bb8c7007f0a3317ff8de2b0b3913971231068b51260da0325,fastv2,ok,ok,0.15373970894142985,0.12989716697484255,0.8449161759785132,53.03125,52.5625,True,,
model,models/regular_graphs/3-regular-graph-sc2.wfomcs/n16,models/regular_graphs/3-regular-graph-sc2.wfomcs,model,default,16,2bac16b9f457880bb8c7007f0a3317ff8de2b0b3913971231068b51260da0325,incremental3,ok,ok,0.043458708096295595,0.04652445809915662,1.0705439746636727,44.796875,44.84375,True,,
model,models/regular_graphs/3-regular-graph-sc2.wfomcs/n32,models/regular_graphs/3-regular-graph-sc2.wfomcs,model,default,32,a2b64f21dca2d95477c84fe04c9f95ea9193d4bc4e0c76b8869e28ba9717787a,fastv2,ok,ok,1.404740999918431,1.4568692080210894,1.0371087681684277,53.65625,53.75,True,,
model,models/regular_graphs/3-regular-graph-sc2.wfomcs/n32,models/regular_graphs/3-regular-graph-sc2.wfomcs,model,default,32,a2b64f21dca2d95477c84fe04c9f95ea9193d4bc4e0c76b8869e28ba9717787a,incremental3,ok,ok,0.05900199990719557,0.06239541689865291,1.0575135927052448,45.96875,45.421875,True,,
model,models/regular_graphs/3-regular-graph-sc2.wfomcs/n64,models/regular_graphs/3-regular-graph-sc2.wfomcs,model,default,64,56aa2927a7da87fa98fd730a67ffd840af1ba31945492cd8842bb701dd70711f,fastv2,timeout,timeout,,,,57.828125,58.6875,,exceeded 30.0s wall time,exceeded 30.0s wall time
model,models/regular_graphs/3-regular-graph-sc2.wfomcs/n64,models/regular_graphs/3-regular-graph-sc2.wfomcs,model,default,64,56aa2927a7da87fa98fd730a67ffd840af1ba31945492cd8842bb701dd70711f,incremental3,ok,ok,0.2766594171989709,0.2870860418770462,1.0376875827457432,50.5,50.546875,True,,
model,models/regular_graphs/4-regular-2-colored-graph.wfomcs/n2,models/regular_graphs/4-regular-2-colored-graph.wfomcs,model,default,2,08b082640ab86858113fe7fc168473c2be95723565f75378fc1491394d2a7700,fastv2,ok,ok,0.1832395000383258,0.19033179199323058,1.0387050387794192,61.734375,62.59375,True,,
model,models/regular_graphs/4-regular-2-colored-graph.wfomcs/n2,models/regular_graphs/4-regular-2-colored-graph.wfomcs,model,default,2,08b082640ab86858113fe7fc168473c2be95723565f75378fc1491394d2a7700,incremental3,ok,ok,0.03495258302427828,0.0399707080796361,1.1435695053459194,42.921875,45.984375,True,,
model,models/regular_graphs/4-regular-2-colored-graph.wfomcs/n4,models/regular_graphs/4-regular-2-colored-graph.wfomcs,model,default,4,36ac6f9ef293ac91c038e707f21f8ff1620810f55b530153c197027fccfde5c1,fastv2,ok,ok,0.25155699998140335,0.12206112500280142,0.48522253410489447,62.890625,62.359375,True,,
model,models/regular_graphs/4-regular-2-colored-graph.wfomcs/n4,models/regular_graphs/4-regular-2-colored-graph.wfomcs,model,default,4,36ac6f9ef293ac91c038e707f21f8ff1620810f55b530153c197027fccfde5c1,incremental3,ok,ok,0.06603795802220702,0.04086625017225742,0.6188297063715243,46.546875,45.171875,True,,
model,models/regular_graphs/4-regular-2-colored-graph.wfomcs/n8,models/regular_graphs/4-regular-2-colored-graph.wfomcs,model,default,8,50ab403644bf9ddd6ec689a7dc6fe2b264dfdf49ce72203f540bb9789ae70fb1,fastv2,ok,ok,0.18841808289289474,0.1507705831900239,0.8001916847637636,64.109375,62.15625,True,,
model,models/regular_graphs/4-regular-2-colored-graph.wfomcs/n8,models/regular_graphs/4-regular-2-colored-graph.wfomcs,model,default,8,50ab403644bf9ddd6ec689a7dc6fe2b264dfdf49ce72203f540bb9789ae70fb1,incremental3,ok,ok,0.04142395802773535,0.04119058302603662,0.9943661829334977,42.828125,46.0,True,,
model,models/regular_graphs/4-regular-2-colored-graph.wfomcs/n16,models/regular_graphs/4-regular-2-colored-graph.wfomcs,model,default,16,050e2f9507d226cf69e49f4ac2c4f7b58e340ccd934e2e3f2840c045e465dabb,fastv2,ok,ok,0.6489782501012087,0.5976502078119665,0.9209094568558538,64.03125,62.453125,True,,
model,models/regular_graphs/4-regular-2-colored-graph.wfomcs/n16,models/regular_graphs/4-regular-2-colored-graph.wfomcs,model,default,16,050e2f9507d226cf69e49f4ac2c4f7b58e340ccd934e2e3f2840c045e465dabb,incremental3,ok,ok,0.1017670831643045,0.07494437485001981,0.7364304106959711,47.109375,46.171875,True,,
model,models/regular_graphs/4-regular-2-colored-graph.wfomcs/n32,models/regular_graphs/4-regular-2-colored-graph.wfomcs,model,default,32,70f5f007b30344caeac67b520ef2fb6ea980cde64a7101b563875a3f994b1200,fastv2,ok,ok,16.748233082937077,16.101357416948304,0.9613764829528314,63.421875,68.875,True,,
model,models/regular_graphs/4-regular-2-colored-graph.wfomcs/n32,models/regular_graphs/4-regular-2-colored-graph.wfomcs,model,default,32,70f5f007b30344caeac67b520ef2fb6ea980cde64a7101b563875a3f994b1200,incremental3,ok,ok,1.660720166983083,1.6653464999981225,1.00278573904684,71.9375,72.25,True,,
model,models/regular_graphs/4-regular-2-colored-graph.wfomcs/n64,models/regular_graphs/4-regular-2-colored-graph.wfomcs,model,default,64,606d9d440686154cfa78b715b26070a169bd0da80557562dbbff0e77a45265a9,fastv2,timeout,timeout,,,,62.484375,62.578125,,exceeded 30.0s wall time,exceeded 30.0s wall time
model,models/regular_graphs/4-regular-2-colored-graph.wfomcs/n64,models/regular_graphs/4-regular-2-colored-graph.wfomcs,model,default,64,606d9d440686154cfa78b715b26070a169bd0da80557562dbbff0e77a45265a9,incremental3,timeout,timeout,,,,368.59375,360.21875,,exceeded 30.0s wall time,exceeded 30.0s wall time
model,models/regular_graphs/4-regular-3-colored-graph.wfomcs/n2,models/regular_graphs/4-regular-3-colored-graph.wfomcs,model,default,2,529374abbb72e9a87ec9526878c90807ca149279b5324422b715c9e925020433,fastv2,ok,ok,0.2081664172001183,0.21975795808248222,1.0556840101216736,63.328125,62.625,True,,
model,models/regular_graphs/4-regular-3-colored-graph.wfomcs/n2,models/regular_graphs/4-regular-3-colored-graph.wfomcs,model,default,2,529374abbb72e9a87ec9526878c90807ca149279b5324422b715c9e925020433,incremental3,ok,ok,0.0527467078063637,0.06052795914001763,1.1475210805993687,44.75,45.65625,True,,
model,models/regular_graphs/4-regular-3-colored-graph.wfomcs/n4,models/regular_graphs/4-regular-3-colored-graph.wfomcs,model,default,4,461bf7b58d485a4b097d0f859d70f5f048d8f0fee349832fcb6521aa46fc030b,fastv2,ok,ok,0.1775722079910338,0.18011404084973037,1.014314361957052,62.671875,62.734375,True,,
model,models/regular_graphs/4-regular-3-colored-graph.wfomcs/n4,models/regular_graphs/4-regular-3-colored-graph.wfomcs,model,default,4,461bf7b58d485a4b097d0f859d70f5f048d8f0fee349832fcb6521aa46fc030b,incremental3,ok,ok,0.03906312515027821,0.041405083145946264,1.0599531652078118,45.78125,44.109375,True,,
model,models/regular_graphs/4-regular-3-colored-graph.wfomcs/n8,models/regular_graphs/4-regular-3-colored-graph.wfomcs,model,default,8,5c99dcc00e0a1d9665377dd06ba7959da6efe6b6ba484fe160a38979e0909c55,fastv2,ok,ok,2.0123930831905454,1.8960755839943886,0.9421994141364561,62.5625,62.6875,True,,
model,models/regular_graphs/4-regular-3-colored-graph.wfomcs/n8,models/regular_graphs/4-regular-3-colored-graph.wfomcs,model,default,8,5c99dcc00e0a1d9665377dd06ba7959da6efe6b6ba484fe160a38979e0909c55,incremental3,ok,ok,0.04796179197728634,0.051884000189602375,1.0817777662305343,46.109375,44.75,True,,
model,models/regular_graphs/4-regular-3-colored-graph.wfomcs/n16,models/regular_graphs/4-regular-3-colored-graph.wfomcs,model,default,16,289048cbb2db8f88f453e431b760d6275129ee34f28e692d971afceb785eb903,fastv2,timeout,timeout,,,,63.03125,73.765625,,exceeded 30.0s wall time,exceeded 30.0s wall time
model,models/regular_graphs/4-regular-3-colored-graph.wfomcs/n16,models/regular_graphs/4-regular-3-colored-graph.wfomcs,model,default,16,289048cbb2db8f88f453e431b760d6275129ee34f28e692d971afceb785eb903,incremental3,ok,ok,6.299640875076875,6.005722957896069,0.9533437027587355,101.9375,112.453125,True,,
model,models/regular_graphs/4-regular-3-colored-graph.wfomcs/n32,models/regular_graphs/4-regular-3-colored-graph.wfomcs,model,default,32,1aef6e4bc4845488d0e3afa52baf1ca1e54c7c2998c35dbdc7a607caec27a23f,fastv2,skipped-after-resource,skipped-after-resource,,,,,,,a smaller domain in this series hit a resource limit,a smaller domain in this series hit a resource limit
model,models/regular_graphs/4-regular-3-colored-graph.wfomcs/n32,models/regular_graphs/4-regular-3-colored-graph.wfomcs,model,default,32,1aef6e4bc4845488d0e3afa52baf1ca1e54c7c2998c35dbdc7a607caec27a23f,incremental3,skipped-after-resource,skipped-after-resource,,,,,,,a smaller domain in this series hit a resource limit,a smaller domain in this series hit a resource limit
model,models/regular_graphs/4-regular-3-colored-graph.wfomcs/n64,models/regular_graphs/4-regular-3-colored-graph.wfomcs,model,default,64,ce17636fe1bda2b27cdc1d6e1a333880b62e8ab77dbdec5341c1d2084e7e1f8e,fastv2,skipped-after-resource,skipped-after-resource,,,,,,,a smaller domain in this series hit a resource limit,a smaller domain in this series hit a resource limit
model,models/regular_graphs/4-regular-3-colored-graph.wfomcs/n64,models/regular_graphs/4-regular-3-colored-graph.wfomcs,model,default,64,ce17636fe1bda2b27cdc1d6e1a333880b62e8ab77dbdec5341c1d2084e7e1f8e,incremental3,skipped-after-resource,skipped-after-resource,,,,,,,a smaller domain in this series hit a resource limit,a smaller domain in this series hit a resource limit
model,models/regular_graphs/4-regular-4-colored-graph.wfomcs/n2,models/regular_graphs/4-regular-4-colored-graph.wfomcs,model,default,2,89e568c3664f6107c636682976b6adfbf4a2f981f2444b1675004915256ad5e0,fastv2,ok,ok,0.2671662918291986,0.24687045789323747,0.9240329541687228,64.34375,62.75,True,,
model,models/regular_graphs/4-regular-4-colored-graph.wfomcs/n2,models/regular_graphs/4-regular-4-colored-graph.wfomcs,model,default,2,89e568c3664f6107c636682976b6adfbf4a2f981f2444b1675004915256ad5e0,incremental3,ok,ok,0.06750604184344411,0.045668458100408316,0.6765091961149169,46.3125,45.984375,True,,
model,models/regular_graphs/4-regular-4-colored-graph.wfomcs/n4,models/regular_graphs/4-regular-4-colored-graph.wfomcs,model,default,4,9a74031c415d73585c92dfb4bf731b10405f628a0bf61ab1a037b26441b422ab,fastv2,ok,ok,0.7264268749859184,0.5134200409520417,0.7067745682757046,63.71875,62.640625,True,,
model,models/regular_graphs/4-regular-4-colored-graph.wfomcs/n4,models/regular_graphs/4-regular-4-colored-graph.wfomcs,model,default,4,9a74031c415d73585c92dfb4bf731b10405f628a0bf61ab1a037b26441b422ab,incremental3,ok,ok,0.04612045898102224,0.04679216700606048,1.0145642094610254,44.921875,46.171875,True,,
model,models/regular_graphs/4-regular-4-colored-graph.wfomcs/n8,models/regular_graphs/4-regular-4-colored-graph.wfomcs,model,default,8,61b67b078e5d270460048bb08f6229dc46edf1106840aa8666a6a335bc23471a,fastv2,timeout,timeout,,,,63.328125,70.90625,,exceeded 30.0s wall time,exceeded 30.0s wall time
model,models/regular_graphs/4-regular-4-colored-graph.wfomcs/n8,models/regular_graphs/4-regular-4-colored-graph.wfomcs,model,default,8,61b67b078e5d270460048bb08f6229dc46edf1106840aa8666a6a335bc23471a,incremental3,ok,ok,0.12574466690421104,0.13188608293421566,1.0488403697842945,47.578125,47.640625,True,,
model,models/regular_graphs/4-regular-4-colored-graph.wfomcs/n16,models/regular_graphs/4-regular-4-colored-graph.wfomcs,model,default,16,499dd07b601b9c3a60d02984e3e3fa1f7c379db94824e984874c9f3b30dfb41e,fastv2,skipped-after-resource,skipped-after-resource,,,,,,,a smaller domain in this series hit a resource limit,a smaller domain in this series hit a resource limit
model,models/regular_graphs/4-regular-4-colored-graph.wfomcs/n16,models/regular_graphs/4-regular-4-colored-graph.wfomcs,model,default,16,499dd07b601b9c3a60d02984e3e3fa1f7c379db94824e984874c9f3b30dfb41e,incremental3,skipped-after-resource,skipped-after-resource,,,,,,,a smaller domain in this series hit a resource limit,a smaller domain in this series hit a resource limit
model,models/regular_graphs/4-regular-4-colored-graph.wfomcs/n32,models/regular_graphs/4-regular-4-colored-graph.wfomcs,model,default,32,6f5f298bbab6b18f6b7d191dc5ba0d916a1afa565ead40bc2be0d6a44ce98e84,fastv2,skipped-after-resource,skipped-after-resource,,,,,,,a smaller domain in this series hit a resource limit,a smaller domain in this series hit a resource limit
model,models/regular_graphs/4-regular-4-colored-graph.wfomcs/n32,models/regular_graphs/4-regular-4-colored-graph.wfomcs,model,default,32,6f5f298bbab6b18f6b7d191dc5ba0d916a1afa565ead40bc2be0d6a44ce98e84,incremental3,skipped-after-resource,skipped-after-resource,,,,,,,a smaller domain in this series hit a resource limit,a smaller domain in this series hit a resource limit
model,models/regular_graphs/4-regular-4-colored-graph.wfomcs/n64,models/regular_graphs/4-regular-4-colored-graph.wfomcs,model,default,64,2887c1436dd71b5642c7754b1bc7123ecbb2e1ba7cb21e3672c26dfe95eb215d,fastv2,skipped-after-resource,skipped-after-resource,,,,,,,a smaller domain in this series hit a resource limit,a smaller domain in this series hit a resource limit
model,models/regular_graphs/4-regular-4-colored-graph.wfomcs/n64,models/regular_graphs/4-regular-4-colored-graph.wfomcs,model,default,64,2887c1436dd71b5642c7754b1bc7123ecbb2e1ba7cb21e3672c26dfe95eb215d,incremental3,skipped-after-resource,skipped-after-resource,,,,,,,a smaller domain in this series hit a resource limit,a smaller domain in this series hit a resource limit
model,models/regular_graphs/4-regular-graph.wfomcs/n2,models/regular_graphs/4-regular-graph.wfomcs,model,default,2,d4277d30bb7a6f3563edcb5bcffcba2ac2947eafb98b620b9b43571753526f8b,fastv2,ok,ok,0.11476799985393882,0.15379608306102455,1.3400606724588333,51.890625,52.734375,True,,
model,models/regular_graphs/4-regular-graph.wfomcs/n2,models/regular_graphs/4-regular-graph.wfomcs,model,default,2,d4277d30bb7a6f3563edcb5bcffcba2ac2947eafb98b620b9b43571753526f8b,incremental3,ok,ok,0.03450833400711417,0.046520625008270144,1.348098259356118,44.140625,45.0,True,,
model,models/regular_graphs/4-regular-graph.wfomcs/n4,models/regular_graphs/4-regular-graph.wfomcs,model,default,4,ddef9352bb00324af096c62e05a592ffed0741789613b2574e3553f8f0449f0e,fastv2,ok,ok,0.06991529185324907,0.07574379188008606,1.0833651676527492,52.03125,52.328125,True,,
model,models/regular_graphs/4-regular-graph.wfomcs/n4,models/regular_graphs/4-regular-graph.wfomcs,model,default,4,ddef9352bb00324af096c62e05a592ffed0741789613b2574e3553f8f0449f0e,incremental3,ok,ok,0.03579499991610646,0.0428464999422431,1.196996788452672,44.59375,45.171875,True,,
model,models/regular_graphs/4-regular-graph.wfomcs/n8,models/regular_graphs/4-regular-graph.wfomcs,model,default,8,c6a1c96832001394d7c64973ed88b39cc8f5deee981b6a5b7d8694a8f0a60d60,fastv2,ok,ok,0.08758591604419053,0.10394695913419127,1.1867999311869497,52.53125,53.34375,True,,
model,models/regular_graphs/4-regular-graph.wfomcs/n8,models/regular_graphs/4-regular-graph.wfomcs,model,default,8,c6a1c96832001394d7c64973ed88b39cc8f5deee981b6a5b7d8694a8f0a60d60,incremental3,ok,ok,0.039196624886244535,0.04442416597157717,1.1333671228199844,44.421875,45.34375,True,,
model,models/regular_graphs/4-regular-graph.wfomcs/n16,models/regular_graphs/4-regular-graph.wfomcs,model,default,16,4dbffaaff80b6d5064bee975f1aa000fba0bb96dcbc9a20996614a0323275f51,fastv2,ok,ok,0.4274397499393672,0.42736266693100333,0.9998196634534463,52.8125,52.90625,True,,
model,models/regular_graphs/4-regular-graph.wfomcs/n16,models/regular_graphs/4-regular-graph.wfomcs,model,default,16,4dbffaaff80b6d5064bee975f1aa000fba0bb96dcbc9a20996614a0323275f51,incremental3,ok,ok,0.04886891692876816,0.05256287520751357,1.0755891169867702,44.78125,45.109375,True,,
model,models/regular_graphs/4-regular-graph.wfomcs/n32,models/regular_graphs/4-regular-graph.wfomcs,model,default,32,60fd174c3dd79c34509dfc5c534c4cf2d3b408691e0f5332d1c50d3fdc6862ee,fastv2,ok,ok,17.05834845895879,16.727559000020847,0.9806083537492625,55.0,55.375,True,,
model,models/regular_graphs/4-regular-graph.wfomcs/n32,models/regular_graphs/4-regular-graph.wfomcs,model,default,32,60fd174c3dd79c34509dfc5c534c4cf2d3b408691e0f5332d1c50d3fdc6862ee,incremental3,ok,ok,0.31922983285039663,0.3203817498870194,1.0036084253978939,48.484375,49.390625,True,,
model,models/regular_graphs/4-regular-graph.wfomcs/n64,models/regular_graphs/4-regular-graph.wfomcs,model,default,64,993b92bb88e91cb9fa89b3ba0a3d639de41e222625cd839ba6bb0242586d03b2,fastv2,timeout,timeout,,,,60.40625,61.625,,exceeded 30.0s wall time,exceeded 30.0s wall time
model,models/regular_graphs/4-regular-graph.wfomcs/n64,models/regular_graphs/4-regular-graph.wfomcs,model,default,64,993b92bb88e91cb9fa89b3ba0a3d639de41e222625cd839ba6bb0242586d03b2,incremental3,ok,ok,5.1107214170042425,5.574023375054821,1.0906529470593123,115.25,110.359375,True,,
model,models/unary_evidence/2-colored-graph.wfomcs/n2,models/unary_evidence/2-colored-graph.wfomcs,model,default,2,82c9714631d078c3506237ec80c05790c0933ba8f41647a074793b39584bdd71,fastv2,error,error,,,,50.8125,50.84375,,ValueError: Evidence must be consistent with the domain: vertex2,"ValueError: Domain does not contain referenced constants: vertex2, vertex3, vertex4, vertex5, vertex6, vertex7, vertex8"
model,models/unary_evidence/2-colored-graph.wfomcs/n2,models/unary_evidence/2-colored-graph.wfomcs,model,default,2,82c9714631d078c3506237ec80c05790c0933ba8f41647a074793b39584bdd71,incremental3,error,error,,,,44.546875,44.46875,,ValueError: Evidence must be consistent with the domain: vertex2,"ValueError: Domain does not contain referenced constants: vertex2, vertex3, vertex4, vertex5, vertex6, vertex7, vertex8"
model,models/unary_evidence/2-colored-graph.wfomcs/n4,models/unary_evidence/2-colored-graph.wfomcs,model,default,4,e793ee082b68bbb08b1b2d6c69742893058955a3d2838068511fe4deab726249,fastv2,error,error,,,,50.609375,51.0625,,ValueError: Evidence must be consistent with the domain: vertex4,"ValueError: Domain does not contain referenced constants: vertex4, vertex5, vertex6, vertex7, vertex8"
model,models/unary_evidence/2-colored-graph.wfomcs/n4,models/unary_evidence/2-colored-graph.wfomcs,model,default,4,e793ee082b68bbb08b1b2d6c69742893058955a3d2838068511fe4deab726249,incremental3,error,error,,,,44.453125,44.46875,,ValueError: Evidence must be consistent with the domain: vertex4,"ValueError: Domain does not contain referenced constants: vertex4, vertex5, vertex6, vertex7, vertex8"
model,models/unary_evidence/2-colored-graph.wfomcs/n8,models/unary_evidence/2-colored-graph.wfomcs,model,default,8,2b809c6c6986b8e6cb25305f26daf0288d4d0f7414214c1ffbc9a4d794076158,fastv2,error,error,,,,49.6875,50.984375,,ValueError: Evidence must be consistent with the domain: vertex8,ValueError: Domain does not contain referenced constants: vertex8
model,models/unary_evidence/2-colored-graph.wfomcs/n8,models/unary_evidence/2-colored-graph.wfomcs,model,default,8,2b809c6c6986b8e6cb25305f26daf0288d4d0f7414214c1ffbc9a4d794076158,incremental3,error,error,,,,43.75,43.9375,,ValueError: Evidence must be consistent with the domain: vertex8,ValueError: Domain does not contain referenced constants: vertex8
model,models/unary_evidence/2-colored-graph.wfomcs/n16,models/unary_evidence/2-colored-graph.wfomcs,model,default,16,9c01339f487e30a4506c562d5f6b5b59bc86479cda224b6324a31c6ee2d3b8f3,fastv2,ok,ok,0.06562783406116068,0.06606820807792246,1.0067101714243896,49.0,50.484375,True,,
model,models/unary_evidence/2-colored-graph.wfomcs/n16,models/unary_evidence/2-colored-graph.wfomcs,model,default,16,9c01339f487e30a4506c562d5f6b5b59bc86479cda224b6324a31c6ee2d3b8f3,incremental3,ok,ok,0.03678187518380582,0.04131933394819498,1.123361268062453,44.5625,46.078125,True,,
model,models/unary_evidence/2-colored-graph.wfomcs/n32,models/unary_evidence/2-colored-graph.wfomcs,model,default,32,3ea78a583947c1f5e1325df2246a3600c7aca01a7b608bfccd3f35cce58668d0,fastv2,ok,ok,0.06373133300803602,0.06978658284060657,1.0950121321298432,51.6875,50.890625,True,,
model,models/unary_evidence/2-colored-graph.wfomcs/n32,models/unary_evidence/2-colored-graph.wfomcs,model,default,32,3ea78a583947c1f5e1325df2246a3600c7aca01a7b608bfccd3f35cce58668d0,incremental3,ok,ok,0.038469084072858095,0.043170916847884655,1.1222236735899813,44.078125,45.71875,True,,
model,models/unary_evidence/2-colored-graph.wfomcs/n64,models/unary_evidence/2-colored-graph.wfomcs,model,default,64,8e709117f6cc48d520a94522265d68fa9eedc0dd7ba0f5194f98ba5e2bc3337c,fastv2,ok,ok,0.0635917498730123,0.07156883412972093,1.1254421253171714,50.421875,52.3125,True,,
model,models/unary_evidence/2-colored-graph.wfomcs/n64,models/unary_evidence/2-colored-graph.wfomcs,model,default,64,8e709117f6cc48d520a94522265d68fa9eedc0dd7ba0f5194f98ba5e2bc3337c,incremental3,ok,ok,0.045901082921773195,0.0558631659951061,1.217033726422332,45.921875,47.171875,True,,
model,models/unary_evidence/employment.mln/n2,models/unary_evidence/employment.mln,model,default,2,e82e56038167d8eb78db62ef7ee70c42324641c74ededc60c00d710cc70e63bd,fastv2,error,error,,,,50.9375,51.40625,,ValueError: Evidence must be consistent with the domain: person2,ValueError: Domain does not contain referenced constants: person2
model,models/unary_evidence/employment.mln/n2,models/unary_evidence/employment.mln,model,default,2,e82e56038167d8eb78db62ef7ee70c42324641c74ededc60c00d710cc70e63bd,incremental3,error,error,,,,44.125,43.921875,,ValueError: Evidence must be consistent with the domain: person2,ValueError: Domain does not contain referenced constants: person2
model,models/unary_evidence/employment.mln/n4,models/unary_evidence/employment.mln,model,default,4,b6f337d231b39ab9fa09d9432502b9a01bbec43ac18e0132089fb48b244db6ae,fastv2,ok,ok,0.06178275006823242,0.066320916172117,1.0734536112243735,51.546875,51.8125,True,,
model,models/unary_evidence/employment.mln/n4,models/unary_evidence/employment.mln,model,default,4,b6f337d231b39ab9fa09d9432502b9a01bbec43ac18e0132089fb48b244db6ae,incremental3,ok,ok,0.03573708306066692,0.040678667137399316,1.138276088967407,44.078125,44.65625,True,,
model,models/unary_evidence/employment.mln/n8,models/unary_evidence/employment.mln,model,default,8,1f211f6a172f6bc0baf4259c202615f4191377fa425743f0201ba58fae1f0d6d,fastv2,ok,ok,0.062067291932180524,0.06825587479397655,1.0997076345550592,51.609375,51.75,True,,
model,models/unary_evidence/employment.mln/n8,models/unary_evidence/employment.mln,model,default,8,1f211f6a172f6bc0baf4259c202615f4191377fa425743f0201ba58fae1f0d6d,incremental3,ok,ok,0.03890570788644254,0.04444874986074865,1.1424737467953305,44.734375,45.640625,True,,
model,models/unary_evidence/employment.mln/n16,models/unary_evidence/employment.mln,model,default,16,81cd453228dfb9cf01c4d785d8584b8896c21691186e6c9c3c7592112b665b0c,fastv2,ok,ok,0.07096412498503923,0.08423808286897838,1.1870516671168365,50.796875,52.84375,True,,
model,models/unary_evidence/employment.mln/n16,models/unary_evidence/employment.mln,model,default,16,81cd453228dfb9cf01c4d785d8584b8896c21691186e6c9c3c7592112b665b0c,incremental3,ok,ok,0.0823408339638263,0.08330704201944172,1.011734251514138,47.140625,47.09375,True,,
model,models/unary_evidence/employment.mln/n32,models/unary_evidence/employment.mln,model,default,32,29055b39ab047c6097277f6e94cd9dde6cef7220eb7eadf713cfdfdb02692876,fastv2,ok,ok,0.0812778330873698,0.08757149986922741,1.0774339883679258,51.578125,52.296875,True,,
model,models/unary_evidence/employment.mln/n32,models/unary_evidence/employment.mln,model,default,32,29055b39ab047c6097277f6e94cd9dde6cef7220eb7eadf713cfdfdb02692876,incremental3,ok,ok,0.45874712499789894,0.4739445000886917,1.03312800072777,81.921875,81.84375,True,,
model,models/unary_evidence/employment.mln/n64,models/unary_evidence/employment.mln,model,default,64,349c25cc68522ba8211df30f8f0ccb078746c3b9cea2209e2d2eb86c6d641e6b,fastv2,ok,ok,0.14256920805200934,0.13364716689102352,0.9374195783024125,52.515625,52.40625,True,,
model,models/unary_evidence/employment.mln/n64,models/unary_evidence/employment.mln,model,default,64,349c25cc68522ba8211df30f8f0ccb078746c3b9cea2209e2d2eb86c6d641e6b,incremental3,ok,ok,7.197199707850814,7.668807709123939,1.0655265965120695,796.703125,737.71875,True,,
model,models/unary_evidence/evidence-only.wfomcs/n2,models/unary_evidence/evidence-only.wfomcs,model,default,2,d1cf83329d3f36b10aa51361955d248b162df9007083911644f45f5300335841,fastv2,ok,ok,0.06320412503555417,0.06484316615387797,1.0259325023074333,51.40625,50.84375,True,,
model,models/unary_evidence/evidence-only.wfomcs/n2,models/unary_evidence/evidence-only.wfomcs,model,default,2,d1cf83329d3f36b10aa51361955d248b162df9007083911644f45f5300335841,incremental3,ok,ok,0.07148854108527303,0.04204570781439543,0.5881461165117697,44.03125,45.15625,True,,
model,models/unary_evidence/evidence-only.wfomcs/n4,models/unary_evidence/evidence-only.wfomcs,model,default,4,ec1497b118e36251ec0ccc112187b5575223b6501c845b65853c0bf9bcef4bd9,fastv2,ok,ok,0.0611223338637501,0.0676909580361098,1.1074668416131173,50.921875,51.65625,True,,
model,models/unary_evidence/evidence-only.wfomcs/n4,models/unary_evidence/evidence-only.wfomcs,model,default,4,ec1497b118e36251ec0ccc112187b5575223b6501c845b65853c0bf9bcef4bd9,incremental3,ok,ok,0.03498349990695715,0.04072962491773069,1.1642524340347893,40.234375,44.625,True,,
model,models/unary_evidence/evidence-only.wfomcs/n8,models/unary_evidence/evidence-only.wfomcs,model,default,8,cbe3c15256a89894431a0745e2e63a0067b4528953dcda5a540be824abc749a2,fastv2,ok,ok,0.07551583414897323,0.07620775001123548,1.0091625269065727,52.015625,51.921875,True,,
model,models/unary_evidence/evidence-only.wfomcs/n8,models/unary_evidence/evidence-only.wfomcs,model,default,8,cbe3c15256a89894431a0745e2e63a0067b4528953dcda5a540be824abc749a2,incremental3,ok,ok,0.03771116700954735,0.04242633399553597,1.1250337064560976,44.578125,45.5,True,,
model,models/unary_evidence/evidence-only.wfomcs/n16,models/unary_evidence/evidence-only.wfomcs,model,default,16,f93b3b3adf122bbcc220be66f052d60c34dbaff76d42ea64efc3fdaba9d1d5f2,fastv2,ok,ok,0.06568462494760752,0.06802850007079542,1.0356837711269185,50.609375,51.890625,True,,
model,models/unary_evidence/evidence-only.wfomcs/n16,models/unary_evidence/evidence-only.wfomcs,model,default,16,f93b3b3adf122bbcc220be66f052d60c34dbaff76d42ea64efc3fdaba9d1d5f2,incremental3,ok,ok,0.035573875065892935,0.042503375094383955,1.1947918244963647,44.734375,44.421875,True,,
model,models/unary_evidence/evidence-only.wfomcs/n32,models/unary_evidence/evidence-only.wfomcs,model,default,32,372c298b62f4cc88bdacde6957c81c0003ac7206853c2d1551066ffadb095cee,fastv2,ok,ok,0.06008283281698823,0.06759150000289083,1.1249719234905906,51.59375,51.46875,True,,
model,models/unary_evidence/evidence-only.wfomcs/n32,models/unary_evidence/evidence-only.wfomcs,model,default,32,372c298b62f4cc88bdacde6957c81c0003ac7206853c2d1551066ffadb095cee,incremental3,ok,ok,0.03702416620217264,0.04536499991081655,1.225280798036026,45.015625,45.25,True,,
model,models/unary_evidence/evidence-only.wfomcs/n64,models/unary_evidence/evidence-only.wfomcs,model,default,64,3c42731bd4c913a8f582b272ebd866e6272b90942c3ddd699e18dddf18a54e96,fastv2,ok,ok,0.06069158297032118,0.11440491699613631,1.8850211412689881,47.28125,52.296875,True,,
model,models/unary_evidence/evidence-only.wfomcs/n64,models/unary_evidence/evidence-only.wfomcs,model,default,64,3c42731bd4c913a8f582b272ebd866e6272b90942c3ddd699e18dddf18a54e96,incremental3,ok,ok,0.0458257501013577,0.0573635408654809,1.2517752734784229,45.84375,46.046875,True,,
model,models/unary_evidence/friends-smokes.mln/n2,models/unary_evidence/friends-smokes.mln,model,default,2,dbf2f8e0a5bbd909478fcb4815ab35b901cbf71d63f973a2c1486b75c35e66ca,fastv2,error,error,,,,51.125,49.890625,,ValueError: Evidence must be consistent with the domain: person2,ValueError: Domain does not contain referenced constants: person2
model,models/unary_evidence/friends-smokes.mln/n2,models/unary_evidence/friends-smokes.mln,model,default,2,dbf2f8e0a5bbd909478fcb4815ab35b901cbf71d63f973a2c1486b75c35e66ca,incremental3,error,error,,,,44.1875,43.453125,,ValueError: Evidence must be consistent with the domain: person2,ValueError: Domain does not contain referenced constants: person2
model,models/unary_evidence/friends-smokes.mln/n4,models/unary_evidence/friends-smokes.mln,model,default,4,ee42d5aeffff3b300899a4ad382d9c5431024571fb2610705ba3e9547598da1c,fastv2,ok,ok,0.0632487500552088,0.07392925000749528,1.1688649964301847,50.34375,51.421875,True,,
model,models/unary_evidence/friends-smokes.mln/n4,models/unary_evidence/friends-smokes.mln,model,default,4,ee42d5aeffff3b300899a4ad382d9c5431024571fb2610705ba3e9547598da1c,incremental3,ok,ok,0.03608916699886322,0.050149874994531274,1.3896102117322617,45.03125,44.234375,True,,
model,models/unary_evidence/friends-smokes.mln/n8,models/unary_evidence/friends-smokes.mln,model,default,8,b2f58cc716551d833715a705f5f74103908b107118f55d6f4b5753ff2b9d6f28,fastv2,ok,ok,0.06691337493248284,0.07419266598299146,1.1087867867650316,52.1875,51.890625,True,,
model,models/unary_evidence/friends-smokes.mln/n8,models/unary_evidence/friends-smokes.mln,model,default,8,b2f58cc716551d833715a705f5f74103908b107118f55d6f4b5753ff2b9d6f28,incremental3,ok,ok,0.041960167000070214,0.04930183384567499,1.174967531601876,45.0,44.1875,True,,
model,models/unary_evidence/friends-smokes.mln/n16,models/unary_evidence/friends-smokes.mln,model,default,16,2559756f1cc2d78b2e5ccbad8b6314d8389f35a4377402d913bb5741c78cf13d,fastv2,ok,ok,0.14320624992251396,0.14376995782367885,1.0039363358894595,52.609375,52.40625,True,,
model,models/unary_evidence/friends-smokes.mln/n16,models/unary_evidence/friends-smokes.mln,model,default,16,2559756f1cc2d78b2e5ccbad8b6314d8389f35a4377402d913bb5741c78cf13d,incremental3,ok,ok,0.38276887498795986,0.3885256249923259,1.0150397547463783,54.65625,54.453125,True,,
model,models/unary_evidence/friends-smokes.mln/n32,models/unary_evidence/friends-smokes.mln,model,default,32,8d8924425b7559fb02fc6dfa1f521dd8e7bc8ce74a8a1333365049960acc5292,fastv2,ok,ok,1.2271737498231232,1.2777583750430495,1.0412204263880458,55.40625,56.203125,True,,
model,models/unary_evidence/friends-smokes.mln/n32,models/unary_evidence/friends-smokes.mln,model,default,32,8d8924425b7559fb02fc6dfa1f521dd8e7bc8ce74a8a1333365049960acc5292,incremental3,timeout,timeout,,,,291.875,264.5625,,exceeded 30.0s wall time,exceeded 30.0s wall time
model,models/unary_evidence/friends-smokes.mln/n64,models/unary_evidence/friends-smokes.mln,model,default,64,680c61fe0f449fcfdaca52f396eb5bad7b57baa75911c1b80ab40a32bb3f8742,fastv2,skipped-after-resource,skipped-after-resource,,,,,,,a smaller domain in this series hit a resource limit,a smaller domain in this series hit a resource limit
model,models/unary_evidence/friends-smokes.mln/n64,models/unary_evidence/friends-smokes.mln,model,default,64,680c61fe0f449fcfdaca52f396eb5bad7b57baa75911c1b80ab40a32bb3f8742,incremental3,skipped-after-resource,skipped-after-resource,,,,,,,a smaller domain in this series hit a resource limit,a smaller domain in this series hit a resource limit
model,models/unary_evidence/impossible-evidence.wfomcs/n2,models/unary_evidence/impossible-evidence.wfomcs,model,default,2,f4266fc2524f713486460080e2c9777be86020676916ccf1e6ce173e13a8092c,fastv2,ok,ok,0.11548429098911583,0.12711716699413955,1.1007312414995047,51.0625,51.625,True,,
model,models/unary_evidence/impossible-evidence.wfomcs/n2,models/unary_evidence/impossible-evidence.wfomcs,model,default,2,f4266fc2524f713486460080e2c9777be86020676916ccf1e6ce173e13a8092c,incremental3,ok,ok,0.053431165870279074,0.05698079220019281,1.0664336304869628,44.5,43.84375,True,,
model,models/unary_evidence/impossible-evidence.wfomcs/n4,models/unary_evidence/impossible-evidence.wfomcs,model,default,4,d9ed3554aad36b0a37ffa7c24d4f3add4157e4323a7569f2e4a5023224ea59ce,fastv2,ok,ok,0.05958562484011054,0.06456987489946187,1.0836485322210825,50.359375,50.46875,True,,
model,models/unary_evidence/impossible-evidence.wfomcs/n4,models/unary_evidence/impossible-evidence.wfomcs,model,default,4,d9ed3554aad36b0a37ffa7c24d4f3add4157e4323a7569f2e4a5023224ea59ce,incremental3,ok,ok,0.0348755419254303,0.03877637488767505,1.1118501031635688,39.15625,44.578125,True,,
model,models/unary_evidence/impossible-evidence.wfomcs/n8,models/unary_evidence/impossible-evidence.wfomcs,model,default,8,b572b616d29be1f0abcaf331f3793c901b304ec14b29fba7ba1c628f57589f42,fastv2,ok,ok,0.05976441688835621,0.06396079086698592,1.0702152584617166,50.671875,48.890625,True,,
model,models/unary_evidence/impossible-evidence.wfomcs/n8,models/unary_evidence/impossible-evidence.wfomcs,model,default,8,b572b616d29be1f0abcaf331f3793c901b304ec14b29fba7ba1c628f57589f42,incremental3,ok,ok,0.05535758286714554,0.03930708300322294,0.7100577909544441,44.0625,44.828125,True,,
model,models/unary_evidence/impossible-evidence.wfomcs/n16,models/unary_evidence/impossible-evidence.wfomcs,model,default,16,3977cfa560ccf689b9d718727b4b7e4425a68b48ba96b68a0777b8eba9ee8cb9,fastv2,ok,ok,0.065591333899647,0.06406004191376269,0.9766540502404305,51.34375,51.421875,True,,
model,models/unary_evidence/impossible-evidence.wfomcs/n16,models/unary_evidence/impossible-evidence.wfomcs,model,default,16,3977cfa560ccf689b9d718727b4b7e4425a68b48ba96b68a0777b8eba9ee8cb9,incremental3,ok,ok,0.03583987499587238,0.039970416808500886,1.1152498945128635,44.515625,41.546875,True,,
model,models/unary_evidence/impossible-evidence.wfomcs/n32,models/unary_evidence/impossible-evidence.wfomcs,model,default,32,a6441f88aa994a958ca4f9f874400b0f62a22c0a8ca7ec566371fbc96efd475a,fastv2,ok,ok,0.06418674997985363,0.06318475003354251,0.9843893023618486,51.203125,49.265625,True,,
model,models/unary_evidence/impossible-evidence.wfomcs/n32,models/unary_evidence/impossible-evidence.wfomcs,model,default,32,a6441f88aa994a958ca4f9f874400b0f62a22c0a8ca7ec566371fbc96efd475a,incremental3,ok,ok,0.03517975006252527,0.038885666988790035,1.1053423324406286,44.359375,40.46875,True,,
model,models/unary_evidence/impossible-evidence.wfomcs/n64,models/unary_evidence/impossible-evidence.wfomcs,model,default,64,aed54aaea1b3891de212422d472b5c8a4a31569c608060e81553a35b67a3fe9b,fastv2,ok,ok,0.06110308296047151,0.06300262501463294,1.031087499388374,50.734375,49.46875,True,,
model,models/unary_evidence/impossible-evidence.wfomcs/n64,models/unary_evidence/impossible-evidence.wfomcs,model,default,64,aed54aaea1b3891de212422d472b5c8a4a31569c608060e81553a35b67a3fe9b,incremental3,ok,ok,0.03598466608673334,0.039009791100397706,1.0840670580733736,44.3125,40.984375,True,,
model,models/unary_evidence/molecule.mln/n2,models/unary_evidence/molecule.mln,model,default,2,559821f407c929e0029c142237354a787d544da06934ac676ea2b2a734497aa9,fastv2,ok,ok,0.06839629099704325,0.06568258302286267,0.960323755358344,48.390625,52.53125,True,,
model,models/unary_evidence/molecule.mln/n2,models/unary_evidence/molecule.mln,model,default,2,559821f407c929e0029c142237354a787d544da06934ac676ea2b2a734497aa9,incremental3,ok,ok,0.03619887516833842,0.04092354094609618,1.1305196848185555,41.890625,45.09375,True,,
model,models/unary_evidence/molecule.mln/n4,models/unary_evidence/molecule.mln,model,default,4,8decf5861ccab1f021bf8392cbeb74c53f02ac25ee284786e5a9bf4bd28351fe,fastv2,ok,ok,0.06305925012566149,0.06498679216019809,1.030567157565234,50.515625,52.453125,True,,
model,models/unary_evidence/molecule.mln/n4,models/unary_evidence/molecule.mln,model,default,4,8decf5861ccab1f021bf8392cbeb74c53f02ac25ee284786e5a9bf4bd28351fe,incremental3,ok,ok,0.03575841593556106,0.04166112490929663,1.1650718808230383,45.953125,41.671875,True,,
model,models/unary_evidence/molecule.mln/n8,models/unary_evidence/molecule.mln,model,default,8,bb05775e482151cbfca2244cbae50941dfe6e520960d1f2c8bf0d01fae69b5fd,fastv2,ok,ok,0.06183437490835786,0.06516849994659424,1.0539202513679122,52.84375,51.578125,True,,
model,models/unary_evidence/molecule.mln/n8,models/unary_evidence/molecule.mln,model,default,8,bb05775e482151cbfca2244cbae50941dfe6e520960d1f2c8bf0d01fae69b5fd,incremental3,ok,ok,0.03941816696897149,0.04207087494432926,1.0672965837667157,46.671875,45.84375,True,,
model,models/unary_evidence/molecule.mln/n16,models/unary_evidence/molecule.mln,model,default,16,10f68ed4b482aecaa62a2865628de0e2e9d622ca3a7da52c43a6228109af26ad,fastv2,ok,ok,0.06868770904839039,0.06746458285488188,0.9821929394581087,53.3125,53.328125,True,,
model,models/unary_evidence/molecule.mln/n16,models/unary_evidence/molecule.mln,model,default,16,10f68ed4b482aecaa62a2865628de0e2e9d622ca3a7da52c43a6228109af26ad,incremental3,ok,ok,0.03976058284752071,0.04505608300678432,1.1331846713508078,45.203125,43.390625,True,,
model,models/unary_evidence/molecule.mln/n32,models/unary_evidence/molecule.mln,model,default,32,c6ab734b3a5ceb6f5e010e0b4827c13ad3d6664881f2aa60f986b911aa0100a6,fastv2,ok,ok,0.22466191602870822,0.17529050004668534,0.7802412760705112,95.984375,94.21875,True,,
model,models/unary_evidence/molecule.mln/n32,models/unary_evidence/molecule.mln,model,default,32,c6ab734b3a5ceb6f5e010e0b4827c13ad3d6664881f2aa60f986b911aa0100a6,incremental3,ok,ok,0.33577166707254946,0.3349478328600526,0.9975464451194481,140.453125,134.59375,True,,
model,models/unary_evidence/molecule.mln/n64,models/unary_evidence/molecule.mln,model,default,64,4b560c7eae9a9823dc4e70b4ec781b48d35808292be6b847aa6c446dffb98fac,fastv2,ok,ok,17.737198375165462,10.732330458937213,0.6050747266808474,678.296875,614.59375,True,,
model,models/unary_evidence/molecule.mln/n64,models/unary_evidence/molecule.mln,model,default,64,4b560c7eae9a9823dc4e70b4ec781b48d35808292be6b847aa6c446dffb98fac,incremental3,timeout,timeout,,,,739.203125,572.046875,,exceeded 30.0s wall time,exceeded 30.0s wall time
model,models/unary_evidence/overlapping-profiles.wfomcs/n2,models/unary_evidence/overlapping-profiles.wfomcs,model,default,2,ae6d12ad13ffb3159ffe0d8cd9548cc5f850c4aa3a0f22bac3998e7a9006f957,fastv2,ok,ok,0.15022141602821648,0.1714814999140799,1.1415249865696253,50.71875,52.1875,True,,
model,models/unary_evidence/overlapping-profiles.wfomcs/n2,models/unary_evidence/overlapping-profiles.wfomcs,model,default,2,ae6d12ad13ffb3159ffe0d8cd9548cc5f850c4aa3a0f22bac3998e7a9006f957,incremental3,ok,ok,0.059836083091795444,0.06609291606582701,1.1045662190894558,42.703125,44.875,True,,
model,models/unary_evidence/overlapping-profiles.wfomcs/n4,models/unary_evidence/overlapping-profiles.wfomcs,model,default,4,681790d89f833d80a3f882efc938bf9adfc7697e504148a2abe0995f69472ddf,fastv2,ok,ok,0.059507250087335706,0.06576079106889665,1.1050887240190557,51.25,52.015625,True,,
model,models/unary_evidence/overlapping-profiles.wfomcs/n4,models/unary_evidence/overlapping-profiles.wfomcs,model,default,4,681790d89f833d80a3f882efc938bf9adfc7697e504148a2abe0995f69472ddf,incremental3,ok,ok,0.04152283305302262,0.042431917041540146,1.0218935925532024,43.9375,45.09375,True,,
model,models/unary_evidence/overlapping-profiles.wfomcs/n8,models/unary_evidence/overlapping-profiles.wfomcs,model,default,8,762b3a6d19940849bb3e27dc7b6e2422ab9847396e1bc2b673bbcea5b16747c8,fastv2,ok,ok,0.06725020799785852,0.06617533299140632,0.9840167779631784,51.546875,51.921875,True,,
model,models/unary_evidence/overlapping-profiles.wfomcs/n8,models/unary_evidence/overlapping-profiles.wfomcs,model,default,8,762b3a6d19940849bb3e27dc7b6e2422ab9847396e1bc2b673bbcea5b16747c8,incremental3,ok,ok,0.041409708093851805,0.04051383282057941,0.9783655738108087,42.78125,40.890625,True,,
model,models/unary_evidence/overlapping-profiles.wfomcs/n16,models/unary_evidence/overlapping-profiles.wfomcs,model,default,16,fafc726afe1bf814794e7018179954534fe77d53f8785d70a14edf324592fdee,fastv2,ok,ok,0.06542099989019334,0.06593383383005857,1.0078389804608001,51.421875,51.8125,True,,
model,models/unary_evidence/overlapping-profiles.wfomcs/n16,models/unary_evidence/overlapping-profiles.wfomcs,model,default,16,fafc726afe1bf814794e7018179954534fe77d53f8785d70a14edf324592fdee,incremental3,ok,ok,0.049584124935790896,0.047279416816309094,0.9535192337776195,45.71875,42.34375,True,,
model,models/unary_evidence/overlapping-profiles.wfomcs/n32,models/unary_evidence/overlapping-profiles.wfomcs,model,default,32,4cde1da579c2a9acbcefd533ee148db27d801510d5e43eae3b36cffab33c047b,fastv2,ok,ok,0.06012383312918246,0.08028783299960196,1.3353744899646536,51.703125,51.3125,True,,
model,models/unary_evidence/overlapping-profiles.wfomcs/n32,models/unary_evidence/overlapping-profiles.wfomcs,model,default,32,4cde1da579c2a9acbcefd533ee148db27d801510d5e43eae3b36cffab33c047b,incremental3,ok,ok,0.0765025841537863,0.11383466585539281,1.4879845839790349,46.203125,46.3125,True,,
model,models/unary_evidence/overlapping-profiles.wfomcs/n64,models/unary_evidence/overlapping-profiles.wfomcs,model,default,64,a8c356c94c81382dd68343eb9e70f60d548318ef424d4fe6d1b650a3245b00c0,fastv2,ok,ok,0.06350641697645187,0.08773049991577864,1.3814430744582713,49.71875,53.03125,True,,
model,models/unary_evidence/overlapping-profiles.wfomcs/n64,models/unary_evidence/overlapping-profiles.wfomcs,model,default,64,a8c356c94c81382dd68343eb9e70f60d548318ef424d4fe6d1b650a3245b00c0,incremental3,ok,ok,0.322747791884467,0.32743900013156235,1.0145352140744457,65.609375,65.46875,True,,
model,models/unary_evidence/sanity_check.wfomcs/n2,models/unary_evidence/sanity_check.wfomcs,model,default,2,d36f8fd2f79e5b989d8a417e69095f54277a219ba7cae84e41c2b5589e3cabc8,fastv2,ok,ok,0.07088641705922782,0.06651825015433133,0.9383779419793956,50.71875,51.71875,True,,
model,models/unary_evidence/sanity_check.wfomcs/n2,models/unary_evidence/sanity_check.wfomcs,model,default,2,d36f8fd2f79e5b989d8a417e69095f54277a219ba7cae84e41c2b5589e3cabc8,incremental3,ok,ok,0.03487308300100267,0.04228654084727168,1.2125839532471465,44.328125,44.640625,True,,
model,models/unary_evidence/sanity_check.wfomcs/n4,models/unary_evidence/sanity_check.wfomcs,model,default,4,7300aaa7ef19877202eddc7a96b3c2737bb1ec9f70f690ce151ecd0008afac6a,fastv2,ok,ok,0.05889070802368224,0.0672077089548111,1.141227728622048,51.640625,51.765625,True,,
model,models/unary_evidence/sanity_check.wfomcs/n4,models/unary_evidence/sanity_check.wfomcs,model,default,4,7300aaa7ef19877202eddc7a96b3c2737bb1ec9f70f690ce151ecd0008afac6a,incremental3,ok,ok,0.03495616698637605,0.04003783315420151,1.1453725223879956,44.5625,44.734375,True,,
model,models/unary_evidence/sanity_check.wfomcs/n8,models/unary_evidence/sanity_check.wfomcs,model,default,8,6b7e263ebc08e44a3c130943676bc0df0ead6925ee6690fc50048112425ad7a1,fastv2,ok,ok,0.05981791694648564,0.06446558400057256,1.0776969057321877,51.0625,51.6875,True,,
model,models/unary_evidence/sanity_check.wfomcs/n8,models/unary_evidence/sanity_check.wfomcs,model,default,8,6b7e263ebc08e44a3c130943676bc0df0ead6925ee6690fc50048112425ad7a1,incremental3,ok,ok,0.03576312493532896,0.03977283393032849,1.1121185299732714,44.75,40.59375,True,,
model,models/unary_evidence/sanity_check.wfomcs/n16,models/unary_evidence/sanity_check.wfomcs,model,default,16,1f8b15a162a7af55ae565b102041d84dc6615b3d47ae1ad0241cbeacd3c14a48,fastv2,ok,ok,0.06512916693463922,0.063981750048697,0.9823824418467733,50.71875,49.59375,True,,
model,models/unary_evidence/sanity_check.wfomcs/n16,models/unary_evidence/sanity_check.wfomcs,model,default,16,1f8b15a162a7af55ae565b102041d84dc6615b3d47ae1ad0241cbeacd3c14a48,incremental3,ok,ok,0.03638612502254546,0.04082537512294948,1.1220039258825552,44.671875,40.40625,True,,
model,models/unary_evidence/sanity_check.wfomcs/n32,models/unary_evidence/sanity_check.wfomcs,model,default,32,d3250af3c71353ba7d7c2d46484ddd2f77ecff1359944dd65b7311d8c3a7418a,fastv2,ok,ok,0.07439037505537271,0.06358470791019499,0.8547437469278184,50.15625,49.640625,True,,
model,models/unary_evidence/sanity_check.wfomcs/n32,models/unary_evidence/sanity_check.wfomcs,model,default,32,d3250af3c71353ba7d7c2d46484ddd2f77ecff1359944dd65b7311d8c3a7418a,incremental3,ok,ok,0.04255054099485278,0.04373170807957649,1.027759155515005,41.890625,44.703125,True,,
model,models/unary_evidence/sanity_check.wfomcs/n64,models/unary_evidence/sanity_check.wfomcs,model,default,64,e0dc527a2f55956ac3863a3d76b9f70ee3e27caf345f2ddbb7441c2243177bc6,fastv2,ok,ok,0.06361187505535781,0.06508924998342991,1.0232248291185635,49.25,52.28125,True,,
model,models/unary_evidence/sanity_check.wfomcs/n64,models/unary_evidence/sanity_check.wfomcs,model,default,64,e0dc527a2f55956ac3863a3d76b9f70ee3e27caf345f2ddbb7441c2243177bc6,incremental3,ok,ok,0.05216212500818074,0.05133662489242852,0.9841743388402456,45.65625,45.5,True,,
